{"cameraMode":{"drawMode":0,"name":"Shaded","section":"Shading Mode"},"sceneLighting":false,"audioPlay":false,"sceneViewState":{"m_AlwaysRefresh":false,"showFog":true,"showSkybox":false,"showFlares":true,"showImageEffects":true,"showParticleSystems":true,"showVisualEffectGraphs":true,"m_FxEnabled":true},"in2DMode":false,"pivot":{"x":-0.7111587524414063,"y":7.3264875411987309,"z":-0.4990959167480469},"rotation":{"x":0.10232951492071152,"y":0.8469640612602234,"z":-0.1668773591518402,"w":0.49590152502059939},"size":22.155298233032228,"orthographic":false}