{"cameraMode":{"drawMode":0,"name":"Shaded","section":"Shading Mode"},"sceneLighting":true,"audioPlay":false,"sceneViewState":{"m_AlwaysRefresh":false,"showFog":true,"showSkybox":true,"showFlares":true,"showImageEffects":true,"showParticleSystems":true,"showVisualEffectGraphs":true,"m_FxEnabled":true},"in2DMode":false,"pivot":{"x":534.4164428710938,"y":276.39532470703127,"z":135.18507385253907},"rotation":{"x":0.029803717508912088,"y":-0.008318258449435234,"z":0.00033083331072703004,"w":0.9995518922805786},"size":462.3959045410156,"orthographic":false}