{"cameraMode":{"drawMode":0,"name":"Shaded","section":"Shading Mode"},"sceneLighting":false,"audioPlay":false,"sceneViewState":{"m_AlwaysRefresh":false,"showFog":true,"showSkybox":false,"showFlares":true,"showImageEffects":true,"showParticleSystems":true,"showVisualEffectGraphs":true,"m_FxEnabled":true},"in2DMode":false,"pivot":{"x":-1.5283756256103516,"y":1.0011707544326783,"z":1.9319676160812379},"rotation":{"x":0.12316589057445526,"y":0.7182712554931641,"z":-0.12988467514514924,"w":0.6734362244606018},"size":2.7257590293884279,"orthographic":false}