{"cameraMode":{"drawMode":0,"name":"Shaded","section":"Shading Mode"},"sceneLighting":false,"audioPlay":false,"sceneViewState":{"m_AlwaysRefresh":false,"showFog":true,"showSkybox":false,"showFlares":true,"showImageEffects":true,"showParticleSystems":true,"showVisualEffectGraphs":true,"m_FxEnabled":true},"in2DMode":false,"pivot":{"x":0.010902166366577149,"y":1.4532418251037598,"z":-0.008214466273784638},"rotation":{"x":0.032622888684272769,"y":0.9674400091171265,"z":-0.15184985101222993,"w":0.2034430056810379},"size":1.9622150659561158,"orthographic":false}