{"cameraMode":{"drawMode":0,"name":"Shaded","section":"Shading Mode"},"sceneLighting":false,"audioPlay":false,"sceneViewState":{"m_AlwaysRefresh":false,"showFog":true,"showSkybox":false,"showFlares":true,"showImageEffects":true,"showParticleSystems":true,"showVisualEffectGraphs":true,"m_FxEnabled":true},"in2DMode":false,"pivot":{"x":0.0000024437904357910158,"y":0.4416828155517578,"z":-0.000004887580871582031},"rotation":{"x":0.021567078307271005,"y":0.9674683809280396,"z":-0.2450050264596939,"w":0.087065190076828},"size":0.6675523519515991,"orthographic":false}