{"cameraMode":{"drawMode":0,"name":"Shaded","section":"Shading Mode"},"sceneLighting":false,"audioPlay":false,"sceneViewState":{"m_AlwaysRefresh":false,"showFog":true,"showSkybox":false,"showFlares":true,"showImageEffects":true,"showParticleSystems":true,"showVisualEffectGraphs":true,"m_FxEnabled":true},"in2DMode":false,"pivot":{"x":14.72862720489502,"y":18.020954132080079,"z":80.60160064697266},"rotation":{"x":-0.24100938439369203,"y":0.006390363909304142,"z":-0.0003988525131717324,"w":0.9721366763114929},"size":2.252253532409668,"orthographic":false}