{"cameraMode":{"drawMode":0,"name":"Shaded","section":"Shading Mode"},"sceneLighting":false,"audioPlay":false,"sceneViewState":{"m_AlwaysRefresh":false,"showFog":true,"showSkybox":false,"showFlares":true,"showImageEffects":true,"showParticleSystems":true,"showVisualEffectGraphs":true,"m_FxEnabled":true},"in2DMode":false,"pivot":{"x":0.014075517654418946,"y":0.6138647794723511,"z":-0.014075517654418946},"rotation":{"x":-0.4889998733997345,"y":0.02382619120180607,"z":-0.01474378164857626,"w":-0.8730566501617432},"size":2.6434624195098879,"orthographic":false}