{"cameraMode":{"drawMode":0,"name":"Shaded","section":"Shading Mode"},"sceneLighting":false,"audioPlay":false,"sceneViewState":{"m_AlwaysRefresh":false,"showFog":true,"showSkybox":false,"showFlares":true,"showImageEffects":true,"showParticleSystems":true,"showVisualEffectGraphs":true,"m_FxEnabled":true},"in2DMode":false,"pivot":{"x":0.01892992854118347,"y":0.46595996618270876,"z":-0.03717516362667084},"rotation":{"x":-0.2824636995792389,"y":-0.24147576093673707,"z":0.07300949841737747,"w":-0.9262976050376892},"size":0.8871467113494873,"orthographic":false}