{"cameraMode":{"drawMode":0,"name":"Shaded","section":"Shading Mode"},"sceneLighting":false,"audioPlay":false,"sceneViewState":{"m_AlwaysRefresh":false,"showFog":true,"showSkybox":false,"showFlares":true,"showImageEffects":true,"showParticleSystems":true,"showVisualEffectGraphs":true,"m_FxEnabled":true},"in2DMode":false,"pivot":{"x":-2.590811014175415,"y":16.617910385131837,"z":69.74168395996094},"rotation":{"x":-0.03703931346535683,"y":0.04636760801076889,"z":-0.0008784685633145273,"w":-0.9997358322143555},"size":0.6638427376747131,"orthographic":false}