{"cameraMode":{"drawMode":0,"name":"Shaded","section":"Shading Mode"},"sceneLighting":false,"audioPlay":false,"sceneViewState":{"m_AlwaysRefresh":false,"showFog":true,"showSkybox":false,"showFlares":true,"showImageEffects":true,"showParticleSystems":true,"showVisualEffectGraphs":true,"m_FxEnabled":true},"in2DMode":false,"pivot":{"x":-6.95195198059082,"y":18.175918579101564,"z":77.10210418701172},"rotation":{"x":0.05502990260720253,"y":0.014141547493636608,"z":0.0035339007154107095,"w":-1.0000391006469727},"size":3.2852420806884767,"orthographic":false}