{"cameraMode":{"drawMode":0,"name":"Shaded","section":"Shading Mode"},"sceneLighting":false,"audioPlay":false,"sceneViewState":{"m_AlwaysRefresh":false,"showFog":true,"showSkybox":false,"showFlares":true,"showImageEffects":true,"showParticleSystems":true,"showVisualEffectGraphs":true,"m_FxEnabled":true},"in2DMode":false,"pivot":{"x":7.178501605987549,"y":12.105704307556153,"z":-23.023500442504884},"rotation":{"x":0.05004347488284111,"y":0.7115697264671326,"z":-0.05320068448781967,"w":0.7005079984664917},"size":0.8660253882408142,"orthographic":false}