{"cameraMode":{"drawMode":0,"name":"Shaded","section":"Shading Mode"},"sceneLighting":false,"audioPlay":false,"sceneViewState":{"m_AlwaysRefresh":false,"showFog":true,"showSkybox":false,"showFlares":true,"showImageEffects":true,"showParticleSystems":true,"showVisualEffectGraphs":true,"m_FxEnabled":true},"in2DMode":false,"pivot":{"x":0.004244804382324219,"y":2.84488582611084,"z":-0.004055500030517578},"rotation":{"x":0.12316589057445526,"y":0.7182712554931641,"z":-0.12988467514514924,"w":0.6734362244606018},"size":3.8170342445373537,"orthographic":false}