{"cameraMode":{"drawMode":0,"name":"Shaded","section":"Shading Mode"},"sceneLighting":false,"audioPlay":false,"sceneViewState":{"m_AlwaysRefresh":false,"showFog":true,"showSkybox":false,"showFlares":true,"showImageEffects":true,"showParticleSystems":true,"showVisualEffectGraphs":true,"m_FxEnabled":true},"in2DMode":false,"pivot":{"x":0.0017943382263183594,"y":7.450580596923828e-9,"z":-0.004971861839294434},"rotation":{"x":0.007251463830471039,"y":0.9937100410461426,"z":-0.10276053845882416,"w":0.07738800346851349},"size":1.3166519403457642,"orthographic":false}