{"cameraMode":{"drawMode":0,"name":"Shaded","section":"Shading Mode"},"sceneLighting":false,"audioPlay":false,"sceneViewState":{"m_AlwaysRefresh":false,"showFog":true,"showSkybox":false,"showFlares":true,"showImageEffects":true,"showParticleSystems":true,"showVisualEffectGraphs":true,"m_FxEnabled":true},"in2DMode":false,"pivot":{"x":-49.048614501953128,"y":16.231660842895509,"z":21.79560089111328},"rotation":{"x":0.35180968046188357,"y":0.07144974172115326,"z":-0.02068663202226162,"w":0.9345630407333374},"size":0.3352019190788269,"orthographic":false}