{"cameraMode":{"drawMode":0,"name":"Shaded","section":"Shading Mode"},"sceneLighting":false,"audioPlay":false,"sceneViewState":{"m_AlwaysRefresh":false,"showFog":true,"showSkybox":false,"showFlares":true,"showImageEffects":true,"showParticleSystems":true,"showVisualEffectGraphs":true,"m_FxEnabled":true},"in2DMode":false,"pivot":{"x":0.07730168104171753,"y":0.5278453826904297,"z":0.3534596562385559},"rotation":{"x":-0.004029374103993177,"y":-1.0009686946868897,"z":-0.0012593903811648489,"w":-0.02191060595214367},"size":0.9924706220626831,"orthographic":false}