{"cameraMode":{"drawMode":0,"name":"Shaded","section":"Shading Mode"},"sceneLighting":false,"audioPlay":false,"sceneViewState":{"m_AlwaysRefresh":false,"showFog":true,"showSkybox":false,"showFlares":true,"showImageEffects":true,"showParticleSystems":true,"showVisualEffectGraphs":true,"m_FxEnabled":true},"in2DMode":false,"pivot":{"x":1.5151151418685914,"y":-0.19693291187286378,"z":-0.9947948455810547},"rotation":{"x":-0.14664466679096223,"y":-0.10255282372236252,"z":0.017257871106266977,"w":-0.9849854707717896},"size":0.8660253882408142,"orthographic":false}