{"cameraMode":{"drawMode":0,"name":"Shaded","section":"Shading Mode"},"sceneLighting":true,"audioPlay":false,"sceneViewState":{"m_AlwaysRefresh":false,"showFog":true,"showSkybox":true,"showFlares":true,"showImageEffects":true,"showParticleSystems":true,"showVisualEffectGraphs":true,"m_FxEnabled":true},"in2DMode":false,"pivot":{"x":-35.96446990966797,"y":1.5816797018051148,"z":-27.214420318603517},"rotation":{"x":-0.20609663426876069,"y":0.24955667555332185,"z":-0.05444667115807533,"w":-0.9446333646774292},"size":0.6460866928100586,"orthographic":false}