{"cameraMode":{"drawMode":0,"name":"Shaded","section":"Shading Mode"},"sceneLighting":false,"audioPlay":false,"sceneViewState":{"m_AlwaysRefresh":false,"showFog":true,"showSkybox":false,"showFlares":true,"showImageEffects":true,"showParticleSystems":true,"showVisualEffectGraphs":true,"m_FxEnabled":true},"in2DMode":false,"pivot":{"x":0.7130677700042725,"y":1.0902771949768067,"z":-0.6134860515594482},"rotation":{"x":-0.015322393737733364,"y":0.9871790409088135,"z":-0.1119338646531105,"w":-0.12942861020565034},"size":1.3485970497131348,"orthographic":false}