{"cameraMode":{"drawMode":0,"name":"Shaded","section":"Shading Mode"},"sceneLighting":false,"audioPlay":false,"sceneViewState":{"m_AlwaysRefresh":false,"showFog":true,"showSkybox":false,"showFlares":true,"showImageEffects":true,"showParticleSystems":true,"showVisualEffectGraphs":true,"m_FxEnabled":true},"in2DMode":false,"pivot":{"x":0.13108867406845094,"y":-0.10291588306427002,"z":0.659173846244812},"rotation":{"x":0.16832123696804048,"y":0.6325811743736267,"z":-0.14345231652259828,"w":0.7422530055046082},"size":2.2023203372955324,"orthographic":false}