{"cameraMode":{"drawMode":0,"name":"Shaded","section":"Shading Mode"},"sceneLighting":false,"audioPlay":false,"sceneViewState":{"m_AlwaysRefresh":false,"showFog":true,"showSkybox":false,"showFlares":true,"showImageEffects":true,"showParticleSystems":true,"showVisualEffectGraphs":true,"m_FxEnabled":true},"in2DMode":false,"pivot":{"x":0.030096054077148439,"y":0.2825591564178467,"z":0.01248931884765625},"rotation":{"x":-0.22245295345783235,"y":-0.38618794083595278,"z":0.0918336808681488,"w":-0.8913191556930542},"size":0.5065194368362427,"orthographic":false}