{"cameraMode":{"drawMode":0,"name":"Shaded","section":"Shading Mode"},"sceneLighting":false,"audioPlay":false,"sceneViewState":{"m_AlwaysRefresh":false,"showFog":true,"showSkybox":false,"showFlares":true,"showImageEffects":true,"showParticleSystems":true,"showVisualEffectGraphs":true,"m_FxEnabled":true},"in2DMode":false,"pivot":{"x":0.0011010468006134034,"y":0.10459445416927338,"z":-0.032075390219688418},"rotation":{"x":-0.22245295345783235,"y":-0.38618794083595278,"z":0.0918336808681488,"w":-0.8913191556930542},"size":0.4077613055706024,"orthographic":false}