{"cameraMode":{"drawMode":0,"name":"Shaded","section":"Shading Mode"},"sceneLighting":false,"audioPlay":false,"sceneViewState":{"m_AlwaysRefresh":false,"showFog":true,"showSkybox":false,"showFlares":true,"showImageEffects":true,"showParticleSystems":true,"showVisualEffectGraphs":true,"m_FxEnabled":true},"in2DMode":false,"pivot":{"x":-2.5654220581054689,"y":16.046192169189454,"z":76.14303588867188},"rotation":{"x":-0.004153677262365818,"y":1.0016523599624634,"z":-0.053148407489061359,"w":0.0019746909383684398},"size":0.7306989431381226,"orthographic":false}