{"cameraMode":{"drawMode":0,"name":"Shaded","section":"Shading Mode"},"sceneLighting":false,"audioPlay":false,"sceneViewState":{"m_AlwaysRefresh":false,"showFog":true,"showSkybox":false,"showFlares":true,"showImageEffects":true,"showParticleSystems":true,"showVisualEffectGraphs":true,"m_FxEnabled":true},"in2DMode":false,"pivot":{"x":-0.08652901649475098,"y":0.15026584267616273,"z":-2.95697283744812},"rotation":{"x":0.110953189432621,"y":0.11542156338691712,"z":-0.014664462767541409,"w":0.9882605671882629},"size":1.4431513547897339,"orthographic":false}