{"cameraMode":{"drawMode":0,"name":"Shaded","section":"Shading Mode"},"sceneLighting":false,"audioPlay":false,"sceneViewState":{"m_AlwaysRefresh":false,"showFog":true,"showSkybox":false,"showFlares":true,"showImageEffects":true,"showParticleSystems":true,"showVisualEffectGraphs":true,"m_FxEnabled":true},"in2DMode":false,"pivot":{"x":-0.41777199506759646,"y":0.41510671377182009,"z":0.42948055267333987},"rotation":{"x":0.110953189432621,"y":0.11542156338691712,"z":-0.014664462767541409,"w":0.9882605671882629},"size":6.031835556030273,"orthographic":false}