{"cameraMode":{"drawMode":0,"name":"Shaded","section":"Shading Mode"},"sceneLighting":false,"audioPlay":false,"sceneViewState":{"m_AlwaysRefresh":false,"showFog":true,"showSkybox":false,"showFlares":true,"showImageEffects":true,"showParticleSystems":true,"showVisualEffectGraphs":true,"m_FxEnabled":true},"in2DMode":false,"pivot":{"x":0.09911251068115235,"y":0.20919868350028993,"z":-0.006123065948486328},"rotation":{"x":0.10232951492071152,"y":0.8469640612602234,"z":-0.1668773591518402,"w":0.49590152502059939},"size":3.5679168701171877,"orthographic":false}