{"cameraMode":{"drawMode":0,"name":"Shaded","section":"Shading Mode"},"sceneLighting":false,"audioPlay":false,"sceneViewState":{"m_AlwaysRefresh":false,"showFog":true,"showSkybox":false,"showFlares":true,"showImageEffects":true,"showParticleSystems":true,"showVisualEffectGraphs":true,"m_FxEnabled":true},"in2DMode":false,"pivot":{"x":40.86454772949219,"y":-41.101253509521487,"z":40.51049041748047},"rotation":{"x":-0.2819695472717285,"y":-0.3658868074417114,"z":0.1165776401758194,"w":-0.8800437450408936},"size":0.000017320508050033823,"orthographic":false}