{"cameraMode":{"drawMode":0,"name":"Shaded","section":"Shading Mode"},"sceneLighting":false,"audioPlay":false,"sceneViewState":{"m_AlwaysRefresh":false,"showFog":true,"showSkybox":false,"showFlares":true,"showImageEffects":true,"showParticleSystems":true,"showVisualEffectGraphs":true,"m_FxEnabled":true},"in2DMode":false,"pivot":{"x":0.000001430511474609375,"y":6.846879005432129,"z":-0.02825450897216797},"rotation":{"x":0.39675045013427737,"y":0.1414031982421875,"z":-0.06178712099790573,"w":0.9079231023788452},"size":7.797695636749268,"orthographic":false}