{"cameraMode":{"drawMode":0,"name":"Shaded","section":"Shading Mode"},"sceneLighting":false,"audioPlay":false,"sceneViewState":{"m_AlwaysRefresh":false,"showFog":true,"showSkybox":false,"showFlares":true,"showImageEffects":true,"showParticleSystems":true,"showVisualEffectGraphs":true,"m_FxEnabled":true},"in2DMode":false,"pivot":{"x":0.13782966136932374,"y":0.35080528259277346,"z":-1.3568565845489503},"rotation":{"x":-0.019426532089710237,"y":0.9885455369949341,"z":-0.13270722329616548,"w":-0.10474327206611633},"size":2.074852705001831,"orthographic":false}