{"cameraMode":{"drawMode":0,"name":"Shaded","section":"Shading Mode"},"sceneLighting":false,"audioPlay":false,"sceneViewState":{"m_AlwaysRefresh":false,"showFog":true,"showSkybox":false,"showFlares":true,"showImageEffects":true,"showParticleSystems":true,"showVisualEffectGraphs":true,"m_FxEnabled":true},"in2DMode":false,"pivot":{"x":-2.5012969970703127,"y":0.8536171317100525,"z":0.007018625736236572},"rotation":{"x":-0.034107405692338946,"y":0.9429072737693787,"z":-0.32288992404937746,"w":-0.09767987579107285},"size":2.7158939838409426,"orthographic":false}