{"cameraMode":{"drawMode":0,"name":"Shaded","section":"Shading Mode"},"sceneLighting":false,"audioPlay":false,"sceneViewState":{"m_AlwaysRefresh":false,"showFog":true,"showSkybox":false,"showFlares":true,"showImageEffects":true,"showParticleSystems":true,"showVisualEffectGraphs":true,"m_FxEnabled":true},"in2DMode":false,"pivot":{"x":0.31623604893684389,"y":1.0109180212020875,"z":-2.431663990020752},"rotation":{"x":-0.00039107466000132263,"y":0.9949746131896973,"z":-0.10670613497495651,"w":-0.009645448997616768},"size":2.3369650840759279,"orthographic":false}