{"cameraMode":{"drawMode":0,"name":"Shaded","section":"Shading Mode"},"sceneLighting":false,"audioPlay":false,"sceneViewState":{"m_AlwaysRefresh":false,"showFog":true,"showSkybox":false,"showFlares":true,"showImageEffects":true,"showParticleSystems":true,"showVisualEffectGraphs":true,"m_FxEnabled":true},"in2DMode":false,"pivot":{"x":0.0008222460746765137,"y":1.6464757919311524,"z":0.01299220323562622},"rotation":{"x":-0.06278226524591446,"y":0.6818256378173828,"z":-0.05992140993475914,"w":-0.7273530960083008},"size":2.347543239593506,"orthographic":false}