{"cameraMode":{"drawMode":0,"name":"Shaded","section":"Shading Mode"},"sceneLighting":false,"audioPlay":false,"sceneViewState":{"m_AlwaysRefresh":false,"showFog":true,"showSkybox":false,"showFlares":true,"showImageEffects":true,"showParticleSystems":true,"showVisualEffectGraphs":true,"m_FxEnabled":true},"in2DMode":false,"pivot":{"x":-0.009674698114395142,"y":0.011431947350502015,"z":0.17208415269851685},"rotation":{"x":-0.1740606427192688,"y":0.7533743977546692,"z":-0.2218896448612213,"w":-0.595725953578949},"size":0.6530894041061401,"orthographic":false}