{"cameraMode":{"drawMode":0,"name":"Shaded","section":"Shading Mode"},"sceneLighting":false,"audioPlay":false,"sceneViewState":{"m_AlwaysRefresh":false,"showFog":true,"showSkybox":false,"showFlares":true,"showImageEffects":true,"showParticleSystems":true,"showVisualEffectGraphs":true,"m_FxEnabled":true},"in2DMode":false,"pivot":{"x":-0.01717674732208252,"y":2.184582471847534,"z":-0.017368078231811525},"rotation":{"x":0.12316589057445526,"y":0.7182712554931641,"z":-0.12988467514514924,"w":0.6734362244606018},"size":3.8187997341156008,"orthographic":false}