{"cameraMode":{"drawMode":0,"name":"Shaded","section":"Shading Mode"},"sceneLighting":false,"audioPlay":false,"sceneViewState":{"m_AlwaysRefresh":false,"showFog":true,"showSkybox":false,"showFlares":true,"showImageEffects":true,"showParticleSystems":true,"showVisualEffectGraphs":true,"m_FxEnabled":true},"in2DMode":false,"pivot":{"x":0.36266815662384035,"y":0.18908165395259858,"z":0.0539160817861557},"rotation":{"x":-0.0426643006503582,"y":-0.6413401365280151,"z":0.03447369113564491,"w":-0.766243040561676},"size":0.8660253882408142,"orthographic":false}