{"cameraMode":{"drawMode":0,"name":"Shaded","section":"Shading Mode"},"sceneLighting":false,"audioPlay":false,"sceneViewState":{"m_AlwaysRefresh":false,"showFog":true,"showSkybox":false,"showFlares":true,"showImageEffects":true,"showParticleSystems":true,"showVisualEffectGraphs":true,"m_FxEnabled":true},"in2DMode":false,"pivot":{"x":-0.12219879031181336,"y":0.27269628643989565,"z":-0.2831249237060547},"rotation":{"x":0.17081061005592347,"y":0.1624036580324173,"z":-0.027950678020715715,"w":0.9721694588661194},"size":0.20280088484287263,"orthographic":false}