{"cameraMode":{"drawMode":0,"name":"Shaded","section":"Shading Mode"},"sceneLighting":false,"audioPlay":false,"sceneViewState":{"m_AlwaysRefresh":false,"showFog":true,"showSkybox":false,"showFlares":true,"showImageEffects":true,"showParticleSystems":true,"showVisualEffectGraphs":true,"m_FxEnabled":true},"in2DMode":false,"pivot":{"x":50.0943717956543,"y":0.031297147274017337,"z":2.9438066482543947},"rotation":{"x":0.19674190878868104,"y":0.6919708847999573,"z":-0.20338799059391023,"w":0.6656531095504761},"size":0.8660253882408142,"orthographic":false}