{"cameraMode":{"drawMode":0,"name":"Shaded","section":"Shading Mode"},"sceneLighting":false,"audioPlay":false,"sceneViewState":{"m_AlwaysRefresh":false,"showFog":true,"showSkybox":false,"showFlares":true,"showImageEffects":true,"showParticleSystems":true,"showVisualEffectGraphs":true,"m_FxEnabled":true},"in2DMode":false,"pivot":{"x":36.529563903808597,"y":9.299178123474121,"z":-19.260488510131837},"rotation":{"x":-0.22747129201889039,"y":0.22900240123271943,"z":-0.05846894532442093,"w":-0.9456746578216553},"size":0.7413907647132874,"orthographic":false}