{"cameraMode":{"drawMode":0,"name":"Shaded","section":"Shading Mode"},"sceneLighting":false,"audioPlay":false,"sceneViewState":{"m_AlwaysRefresh":false,"showFog":true,"showSkybox":false,"showFlares":true,"showImageEffects":true,"showParticleSystems":true,"showVisualEffectGraphs":true,"m_FxEnabled":true},"in2DMode":false,"pivot":{"x":147.83599853515626,"y":27.301639556884767,"z":83.93888854980469},"rotation":{"x":-0.07514651119709015,"y":0.47702571749687197,"z":0.035890188068151477,"w":0.8784524202346802},"size":106.82328796386719,"orthographic":false}