{"cameraMode":{"drawMode":0,"name":"Shaded","section":"Shading Mode"},"sceneLighting":false,"audioPlay":false,"sceneViewState":{"m_AlwaysRefresh":false,"showFog":true,"showSkybox":false,"showFlares":true,"showImageEffects":true,"showParticleSystems":true,"showVisualEffectGraphs":true,"m_FxEnabled":true},"in2DMode":false,"pivot":{"x":0.24988716840744019,"y":15.390558242797852,"z":89.4839096069336},"rotation":{"x":0.08579067140817642,"y":-0.07978825271129608,"z":0.006366260815411806,"w":0.9946417212486267},"size":2.2326784133911135,"orthographic":false}