{"cameraMode":{"drawMode":0,"name":"Shaded","section":"Shading Mode"},"sceneLighting":false,"audioPlay":false,"sceneViewState":{"m_AlwaysRefresh":false,"showFog":true,"showSkybox":false,"showFlares":true,"showImageEffects":true,"showParticleSystems":true,"showVisualEffectGraphs":true,"m_FxEnabled":true},"in2DMode":false,"pivot":{"x":0.32604676485061648,"y":1.3813114166259766,"z":-0.3834701478481293},"rotation":{"x":0.0013237898238003255,"y":1.0004531145095826,"z":-0.010812714695930481,"w":0.021376334130764009},"size":1.4498395919799805,"orthographic":false}