{"cameraMode":{"drawMode":0,"name":"Shaded","section":"Shading Mode"},"sceneLighting":false,"audioPlay":false,"sceneViewState":{"m_AlwaysRefresh":false,"showFog":true,"showSkybox":false,"showFlares":true,"showImageEffects":true,"showParticleSystems":true,"showVisualEffectGraphs":true,"m_FxEnabled":true},"in2DMode":false,"pivot":{"x":-0.012695670127868653,"y":1.4987075328826905,"z":0.000059604644775390625},"rotation":{"x":0.007251463830471039,"y":0.9937100410461426,"z":-0.10276053845882416,"w":0.07738800346851349},"size":2.6286680698394777,"orthographic":false}