{"cameraMode":{"drawMode":0,"name":"Shaded","section":"Shading Mode"},"sceneLighting":false,"audioPlay":false,"sceneViewState":{"m_AlwaysRefresh":false,"showFog":true,"showSkybox":false,"showFlares":true,"showImageEffects":true,"showParticleSystems":true,"showVisualEffectGraphs":true,"m_FxEnabled":true},"in2DMode":false,"pivot":{"x":13.808204650878907,"y":15.906736373901368,"z":84.28921508789063},"rotation":{"x":0.07260803133249283,"y":-0.7918387055397034,"z":0.09668658673763275,"w":0.6017816662788391},"size":0.9478731751441956,"orthographic":false}