{"cameraMode":{"drawMode":0,"name":"Shaded","section":"Shading Mode"},"sceneLighting":false,"audioPlay":false,"sceneViewState":{"m_AlwaysRefresh":false,"showFog":true,"showSkybox":false,"showFlares":true,"showImageEffects":true,"showParticleSystems":true,"showVisualEffectGraphs":true,"m_FxEnabled":true},"in2DMode":false,"pivot":{"x":-40.620262145996097,"y":4.124226093292236,"z":-17.623151779174806},"rotation":{"x":0.2693649232387543,"y":-0.0030738539062440397,"z":0.0031135238241404297,"w":0.9635597467422485},"size":1.683535099029541,"orthographic":false}