{"cameraMode":{"drawMode":0,"name":"Shaded","section":"Shading Mode"},"sceneLighting":false,"audioPlay":false,"sceneViewState":{"m_AlwaysRefresh":false,"showFog":true,"showSkybox":false,"showFlares":true,"showImageEffects":true,"showParticleSystems":true,"showVisualEffectGraphs":true,"m_FxEnabled":true},"in2DMode":false,"pivot":{"x":0.1967482566833496,"y":-0.1884579062461853,"z":-0.0698232650756836},"rotation":{"x":0.0034809967037290336,"y":1.0003494024276734,"z":-0.0277877077460289,"w":0.020487504079937936},"size":7.086675643920898,"orthographic":false}