{"cameraMode":{"drawMode":0,"name":"Shaded","section":"Shading Mode"},"sceneLighting":false,"audioPlay":false,"sceneViewState":{"m_AlwaysRefresh":false,"showFog":true,"showSkybox":false,"showFlares":true,"showImageEffects":true,"showParticleSystems":true,"showVisualEffectGraphs":true,"m_FxEnabled":true},"in2DMode":false,"pivot":{"x":0.9345710277557373,"y":-0.2658937871456146,"z":-0.3870928883552551},"rotation":{"x":-0.11554842442274094,"y":-0.7058236002922058,"z":0.12116177380084992,"w":-0.6901068687438965},"size":0.8660253882408142,"orthographic":false}