{"cameraMode":{"drawMode":0,"name":"Shaded","section":"Shading Mode"},"sceneLighting":false,"audioPlay":false,"sceneViewState":{"m_AlwaysRefresh":false,"showFog":true,"showSkybox":false,"showFlares":true,"showImageEffects":true,"showParticleSystems":true,"showVisualEffectGraphs":true,"m_FxEnabled":true},"in2DMode":false,"pivot":{"x":-1.8951648473739625,"y":1.0633511543273926,"z":-2.052058219909668},"rotation":{"x":-0.022863158956170083,"y":-0.9673322439193726,"z":0.22764340043067933,"w":-0.13394397497177125},"size":3.5583581924438478,"orthographic":false}