{"cameraMode":{"drawMode":0,"name":"Shaded","section":"Shading Mode"},"sceneLighting":false,"audioPlay":false,"sceneViewState":{"m_AlwaysRefresh":false,"showFog":true,"showSkybox":false,"showFlares":true,"showImageEffects":true,"showParticleSystems":true,"showVisualEffectGraphs":true,"m_FxEnabled":true},"in2DMode":false,"pivot":{"x":0.8189253211021423,"y":15.886446952819825,"z":135.56382751464845},"rotation":{"x":-0.07498136162757874,"y":-0.04185604304075241,"z":0.002835296094417572,"w":-0.9976844191551209},"size":0.57856684923172,"orthographic":false}