{"cameraMode":{"drawMode":0,"name":"Shaded","section":"Shading Mode"},"sceneLighting":false,"audioPlay":false,"sceneViewState":{"m_AlwaysRefresh":false,"showFog":true,"showSkybox":false,"showFlares":true,"showImageEffects":true,"showParticleSystems":true,"showVisualEffectGraphs":true,"m_FxEnabled":true},"in2DMode":false,"pivot":{"x":-14.753101348876954,"y":3.2418370246887209,"z":-19.73982810974121},"rotation":{"x":-0.5629817843437195,"y":-0.03552290424704552,"z":0.022860635071992875,"w":-0.8270606398582459},"size":0.45120862126350405,"orthographic":false}