{"cameraMode":{"drawMode":0,"name":"Shaded","section":"Shading Mode"},"sceneLighting":false,"audioPlay":false,"sceneViewState":{"m_AlwaysRefresh":false,"showFog":true,"showSkybox":false,"showFlares":true,"showImageEffects":true,"showParticleSystems":true,"showVisualEffectGraphs":true,"m_FxEnabled":true},"in2DMode":false,"pivot":{"x":0.0000037185163819231095,"y":0.000015575204088236205,"z":0.00000327043017023243},"rotation":{"x":-0.023327497765421869,"y":-0.019005078822374345,"z":0.006664512678980827,"w":1.0010614395141602},"size":0.000017320508050033823,"orthographic":false}