{"cameraMode":{"drawMode":0,"name":"Shaded","section":"Shading Mode"},"sceneLighting":false,"audioPlay":false,"sceneViewState":{"m_AlwaysRefresh":false,"showFog":true,"showSkybox":false,"showFlares":true,"showImageEffects":true,"showParticleSystems":true,"showVisualEffectGraphs":true,"m_FxEnabled":true},"in2DMode":false,"pivot":{"x":-1.4901161193847657e-7,"y":0.4224938154220581,"z":-1.341104507446289e-7},"rotation":{"x":-0.037255868315696719,"y":-0.9512386322021484,"z":0.11451317369937897,"w":-0.2864430248737335},"size":0.5037401914596558,"orthographic":false}