{"cameraMode":{"drawMode":0,"name":"Shaded","section":"Shading Mode"},"sceneLighting":false,"audioPlay":false,"sceneViewState":{"m_AlwaysRefresh":false,"showFog":true,"showSkybox":false,"showFlares":true,"showImageEffects":true,"showParticleSystems":true,"showVisualEffectGraphs":true,"m_FxEnabled":true},"in2DMode":false,"pivot":{"x":-0.0066394805908203129,"y":0.014356374740600586,"z":0.228363037109375},"rotation":{"x":-0.2818528413772583,"y":-0.3667666018009186,"z":0.11685953289270401,"w":-0.879677414894104},"size":4.606550216674805,"orthographic":false}