{"cameraMode":{"drawMode":0,"name":"Shaded","section":"Shading Mode"},"sceneLighting":false,"audioPlay":false,"sceneViewState":{"m_AlwaysRefresh":false,"showFog":true,"showSkybox":false,"showFlares":true,"showImageEffects":true,"showParticleSystems":true,"showVisualEffectGraphs":true,"m_FxEnabled":true},"in2DMode":false,"pivot":{"x":-0.0000095367431640625,"y":1.0449029207229615,"z":-0.00000476837158203125},"rotation":{"x":-0.2341928333044052,"y":-0.7142454385757446,"z":0.2813606858253479,"w":-0.5999239087104797},"size":15.145659446716309,"orthographic":false}