{"cameraMode":{"drawMode":0,"name":"Shaded","section":"Shading Mode"},"sceneLighting":false,"audioPlay":false,"sceneViewState":{"m_AlwaysRefresh":false,"showFog":true,"showSkybox":false,"showFlares":true,"showImageEffects":true,"showParticleSystems":true,"showVisualEffectGraphs":true,"m_FxEnabled":true},"in2DMode":false,"pivot":{"x":-0.01857435703277588,"y":2.1541950702667238,"z":0.006206512451171875},"rotation":{"x":0.032622888684272769,"y":0.9674400091171265,"z":-0.15184985101222993,"w":0.2034430056810379},"size":4.0017991065979,"orthographic":false}