{"cameraMode":{"drawMode":0,"name":"Shaded","section":"Shading Mode"},"sceneLighting":false,"audioPlay":false,"sceneViewState":{"m_AlwaysRefresh":false,"showFog":true,"showSkybox":false,"showFlares":true,"showImageEffects":true,"showParticleSystems":true,"showVisualEffectGraphs":true,"m_FxEnabled":true},"in2DMode":false,"pivot":{"x":-9.353683471679688,"y":21.47554588317871,"z":-28.163373947143556},"rotation":{"x":0.015264283865690232,"y":0.8968928456306458,"z":0.03717098757624626,"w":-0.44447800517082217},"size":14.695770263671875,"orthographic":false}