{"cameraMode":{"drawMode":0,"name":"Shaded","section":"Shading Mode"},"sceneLighting":false,"audioPlay":false,"sceneViewState":{"m_AlwaysRefresh":false,"showFog":true,"showSkybox":false,"showFlares":true,"showImageEffects":true,"showParticleSystems":true,"showVisualEffectGraphs":true,"m_FxEnabled":true},"in2DMode":false,"pivot":{"x":-0.19581714272499085,"y":0.5403507947921753,"z":-0.37218502163887026},"rotation":{"x":0.09305115789175034,"y":0.09180081635713577,"z":0.007323600817471743,"w":-0.9921104311943054},"size":0.8660253882408142,"orthographic":false}