{"cameraMode":{"drawMode":0,"name":"Shaded","section":"Shading Mode"},"sceneLighting":false,"audioPlay":false,"sceneViewState":{"m_AlwaysRefresh":false,"showFog":true,"showSkybox":false,"showFlares":true,"showImageEffects":true,"showParticleSystems":true,"showVisualEffectGraphs":true,"m_FxEnabled":true},"in2DMode":false,"pivot":{"x":-0.009053826332092286,"y":-0.9496967792510986,"z":0.02093346416950226},"rotation":{"x":0.021567078307271005,"y":0.9674683809280396,"z":-0.2450050264596939,"w":0.087065190076828},"size":2.0345654487609865,"orthographic":false}