{"cameraMode":{"drawMode":0,"name":"Shaded","section":"Shading Mode"},"sceneLighting":false,"audioPlay":false,"sceneViewState":{"m_AlwaysRefresh":false,"showFog":true,"showSkybox":false,"showFlares":true,"showImageEffects":true,"showParticleSystems":true,"showVisualEffectGraphs":true,"m_FxEnabled":true},"in2DMode":false,"pivot":{"x":0.016997218132019044,"y":1.3579028844833375,"z":0.8509796261787415},"rotation":{"x":0.001120552304200828,"y":0.9938977360725403,"z":-0.11664684861898422,"w":0.00226309010758996},"size":1.7801928520202637,"orthographic":false}