{"cameraMode":{"drawMode":0,"name":"Shaded","section":"Shading Mode"},"sceneLighting":false,"audioPlay":false,"sceneViewState":{"m_AlwaysRefresh":false,"showFog":true,"showSkybox":false,"showFlares":true,"showImageEffects":true,"showParticleSystems":true,"showVisualEffectGraphs":true,"m_FxEnabled":true},"in2DMode":false,"pivot":{"x":-0.002252727746963501,"y":0.48908865451812746,"z":-0.002753615379333496},"rotation":{"x":0.007251463830471039,"y":0.9937100410461426,"z":-0.10276053845882416,"w":0.07738800346851349},"size":0.5896540880203247,"orthographic":false}