{"cameraMode":{"drawMode":0,"name":"Shaded","section":"Shading Mode"},"sceneLighting":false,"audioPlay":false,"sceneViewState":{"m_AlwaysRefresh":false,"showFog":true,"showSkybox":false,"showFlares":true,"showImageEffects":true,"showParticleSystems":true,"showVisualEffectGraphs":true,"m_FxEnabled":true},"in2DMode":false,"pivot":{"x":5.880495548248291,"y":0.7466261982917786,"z":1.9271554946899415},"rotation":{"x":-0.018621541559696199,"y":0.6085284948348999,"z":0.011911870911717415,"w":0.7947635054588318},"size":6.305866718292236,"orthographic":false}