{"cameraMode":{"drawMode":0,"name":"Shaded","section":"Shading Mode"},"sceneLighting":false,"audioPlay":false,"sceneViewState":{"m_AlwaysRefresh":false,"showFog":true,"showSkybox":false,"showFlares":true,"showImageEffects":true,"showParticleSystems":true,"showVisualEffectGraphs":true,"m_FxEnabled":true},"in2DMode":false,"pivot":{"x":-2.2437705993652345,"y":1.9369763135910035,"z":-1.6077830791473389},"rotation":{"x":-0.0011509595206007362,"y":0.9965652227401733,"z":-0.08877339959144592,"w":-0.02061537466943264},"size":3.566210985183716,"orthographic":false}