{"cameraMode":{"drawMode":0,"name":"Shaded","section":"Shading Mode"},"sceneLighting":false,"audioPlay":false,"sceneViewState":{"m_AlwaysRefresh":false,"showFog":true,"showSkybox":false,"showFlares":true,"showImageEffects":true,"showParticleSystems":true,"showVisualEffectGraphs":true,"m_FxEnabled":true},"in2DMode":false,"pivot":{"x":-52.873809814453128,"y":14.768977165222168,"z":22.54340934753418},"rotation":{"x":0.05538167059421539,"y":0.4464631974697113,"z":-0.02487720362842083,"w":0.8943254947662354},"size":0.6404240131378174,"orthographic":false}