{"cameraMode":{"drawMode":0,"name":"Shaded","section":"Shading Mode"},"sceneLighting":false,"audioPlay":false,"sceneViewState":{"m_AlwaysRefresh":false,"showFog":true,"showSkybox":false,"showFlares":true,"showImageEffects":true,"showParticleSystems":true,"showVisualEffectGraphs":true,"m_FxEnabled":true},"in2DMode":false,"pivot":{"x":0.06512831896543503,"y":0.03352459520101547,"z":-0.4059423804283142},"rotation":{"x":-0.16988934576511384,"y":-0.6640125513076782,"z":0.16108515858650208,"w":-0.7119021415710449},"size":0.8660253882408142,"orthographic":false}