{"cameraMode":{"drawMode":0,"name":"Shaded","section":"Shading Mode"},"sceneLighting":false,"audioPlay":false,"sceneViewState":{"m_AlwaysRefresh":false,"showFog":true,"showSkybox":false,"showFlares":true,"showImageEffects":true,"showParticleSystems":true,"showVisualEffectGraphs":true,"m_FxEnabled":true},"in2DMode":false,"pivot":{"x":0.8196515440940857,"y":-0.6244073510169983,"z":-1.409211277961731},"rotation":{"x":-0.022991027683019639,"y":-0.016012243926525117,"z":0.0023940529208630325,"w":-1.0008747577667237},"size":0.8660253882408142,"orthographic":false}