{"cameraMode":{"drawMode":0,"name":"Shaded","section":"Shading Mode"},"sceneLighting":false,"audioPlay":false,"sceneViewState":{"m_AlwaysRefresh":false,"showFog":true,"showSkybox":false,"showFlares":true,"showImageEffects":true,"showParticleSystems":true,"showVisualEffectGraphs":true,"m_FxEnabled":true},"in2DMode":false,"pivot":{"x":-0.8273929357528687,"y":-0.026894420385360719,"z":-0.0012577995657920838},"rotation":{"x":0.032622888684272769,"y":0.9674400091171265,"z":-0.15184985101222993,"w":0.2034430056810379},"size":0.9626514315605164,"orthographic":false}