{"cameraMode":{"drawMode":0,"name":"Shaded","section":"Shading Mode"},"sceneLighting":false,"audioPlay":false,"sceneViewState":{"m_AlwaysRefresh":false,"showFog":true,"showSkybox":false,"showFlares":true,"showImageEffects":true,"showParticleSystems":true,"showVisualEffectGraphs":true,"m_FxEnabled":true},"in2DMode":false,"pivot":{"x":0.004554629325866699,"y":2.5035576820373537,"z":-0.0010703802108764649},"rotation":{"x":0.032622888684272769,"y":0.9674400091171265,"z":-0.15184985101222993,"w":0.2034430056810379},"size":3.9035799503326418,"orthographic":false}