{"cameraMode":{"drawMode":0,"name":"Shaded","section":"Shading Mode"},"sceneLighting":false,"audioPlay":false,"sceneViewState":{"m_AlwaysRefresh":false,"showFog":true,"showSkybox":false,"showFlares":true,"showImageEffects":true,"showParticleSystems":true,"showVisualEffectGraphs":true,"m_FxEnabled":true},"in2DMode":false,"pivot":{"x":9.069159507751465,"y":10.694565773010254,"z":77.42109680175781},"rotation":{"x":-0.2563801407814026,"y":0.020350249484181405,"z":-0.0070771221071481709,"w":-0.9677926898002625},"size":6.062177658081055,"orthographic":false}