{"cameraMode":{"drawMode":0,"name":"Shaded","section":"Shading Mode"},"sceneLighting":false,"audioPlay":false,"sceneViewState":{"m_AlwaysRefresh":false,"showFog":true,"showSkybox":false,"showFlares":true,"showImageEffects":true,"showParticleSystems":true,"showVisualEffectGraphs":true,"m_FxEnabled":true},"in2DMode":false,"pivot":{"x":9.111400604248047,"y":12.454754829406739,"z":79.25499725341797},"rotation":{"x":-0.14068415760993958,"y":0.016087926924228669,"z":-0.003921482712030411,"w":-0.9913392066955566},"size":6.062177658081055,"orthographic":false}