{"cameraMode":{"drawMode":0,"name":"Shaded","section":"Shading Mode"},"sceneLighting":false,"audioPlay":false,"sceneViewState":{"m_AlwaysRefresh":false,"showFog":true,"showSkybox":false,"showFlares":true,"showImageEffects":true,"showParticleSystems":true,"showVisualEffectGraphs":true,"m_FxEnabled":true},"in2DMode":false,"pivot":{"x":0.6292392015457153,"y":-0.08551523834466934,"z":-3.737217664718628},"rotation":{"x":-0.12083645164966583,"y":-0.007805338129401207,"z":0.0022178429644554855,"w":-0.9938603639602661},"size":0.4907010793685913,"orthographic":false}