{"cameraMode":{"drawMode":0,"name":"Shaded","section":"Shading Mode"},"sceneLighting":false,"audioPlay":false,"sceneViewState":{"m_AlwaysRefresh":false,"showFog":true,"showSkybox":false,"showFlares":true,"showImageEffects":true,"showParticleSystems":true,"showVisualEffectGraphs":true,"m_FxEnabled":true},"in2DMode":false,"pivot":{"x":619.3262329101563,"y":385.44049072265627,"z":-118.62307739257813},"rotation":{"x":0.08171655237674713,"y":-0.008289706893265248,"z":0.0007670116610825062,"w":0.9966529011726379},"size":138.42974853515626,"orthographic":false}