{"cameraMode":{"drawMode":0,"name":"Shaded","section":"Shading Mode"},"sceneLighting":false,"audioPlay":false,"sceneViewState":{"m_AlwaysRefresh":false,"showFog":true,"showSkybox":false,"showFlares":true,"showImageEffects":true,"showParticleSystems":true,"showVisualEffectGraphs":true,"m_FxEnabled":true},"in2DMode":false,"pivot":{"x":-0.07289683818817139,"y":1.8569532632827759,"z":0.3624281883239746},"rotation":{"x":-0.22245295345783235,"y":-0.38618794083595278,"z":0.0918336808681488,"w":-0.8913191556930542},"size":2.8192296028137209,"orthographic":false}