{"cameraMode":{"drawMode":0,"name":"Shaded","section":"Shading Mode"},"sceneLighting":false,"audioPlay":false,"sceneViewState":{"m_AlwaysRefresh":false,"showFog":true,"showSkybox":false,"showFlares":true,"showImageEffects":true,"showParticleSystems":true,"showVisualEffectGraphs":true,"m_FxEnabled":true},"in2DMode":false,"pivot":{"x":9.0741548538208,"y":15.866382598876954,"z":80.98163604736328},"rotation":{"x":-0.060025911778211597,"y":-0.018517911434173585,"z":0.0020162207074463369,"w":-0.9995548129081726},"size":1.6169447898864747,"orthographic":false}