{"cameraMode":{"drawMode":0,"name":"Shaded","section":"Shading Mode"},"sceneLighting":false,"audioPlay":false,"sceneViewState":{"m_AlwaysRefresh":false,"showFog":true,"showSkybox":false,"showFlares":true,"showImageEffects":true,"showParticleSystems":true,"showVisualEffectGraphs":true,"m_FxEnabled":true},"in2DMode":false,"pivot":{"x":0.20381641387939454,"y":1.2333378791809083,"z":-0.694793701171875},"rotation":{"x":0.0821019634604454,"y":0.8771675825119019,"z":-0.16059626638889314,"w":0.44954782724380495},"size":8.086956024169922,"orthographic":false}