{"cameraMode":{"drawMode":0,"name":"Shaded","section":"Shading Mode"},"sceneLighting":false,"audioPlay":false,"sceneViewState":{"m_AlwaysRefresh":false,"showFog":true,"showSkybox":false,"showFlares":true,"showImageEffects":true,"showParticleSystems":true,"showVisualEffectGraphs":true,"m_FxEnabled":true},"in2DMode":false,"pivot":{"x":0.01702880859375,"y":0.16992950439453126,"z":-0.02816009521484375},"rotation":{"x":0.02751632034778595,"y":0.9781354069709778,"z":-0.15126781165599824,"w":0.1532301902770996},"size":0.9673745036125183,"orthographic":false}