{"cameraMode":{"drawMode":0,"name":"Shaded","section":"Shading Mode"},"sceneLighting":false,"audioPlay":false,"sceneViewState":{"m_AlwaysRefresh":false,"showFog":true,"showSkybox":false,"showFlares":true,"showImageEffects":true,"showParticleSystems":true,"showVisualEffectGraphs":true,"m_FxEnabled":true},"in2DMode":false,"pivot":{"x":1.2802391052246094,"y":-0.012937003746628762,"z":-1.609351634979248},"rotation":{"x":0.14812374114990235,"y":-0.3929639160633087,"z":0.06184186041355133,"w":0.9068015813827515},"size":0.8660253882408142,"orthographic":false}