{"cameraMode":{"drawMode":0,"name":"Shaded","section":"Shading Mode"},"sceneLighting":false,"audioPlay":false,"sceneViewState":{"m_AlwaysRefresh":false,"showFog":true,"showSkybox":false,"showFlares":true,"showImageEffects":true,"showParticleSystems":true,"showVisualEffectGraphs":true,"m_FxEnabled":true},"in2DMode":false,"pivot":{"x":1.424118161201477,"y":-0.3434085249900818,"z":-0.9461483359336853},"rotation":{"x":-0.13573285937309266,"y":0.03816547244787216,"z":-0.002978044794872403,"w":-0.991262674331665},"size":0.8660253882408142,"orthographic":false}