{"cameraMode":{"drawMode":0,"name":"Shaded","section":"Shading Mode"},"sceneLighting":false,"audioPlay":false,"sceneViewState":{"m_AlwaysRefresh":false,"showFog":true,"showSkybox":false,"showFlares":true,"showImageEffects":true,"showParticleSystems":true,"showVisualEffectGraphs":true,"m_FxEnabled":true},"in2DMode":false,"pivot":{"x":40.20145034790039,"y":0.02140045166015625,"z":50.67957305908203},"rotation":{"x":0.25098660588264468,"y":-0.0130248898640275,"z":0.0051195560954511169,"w":0.9684762358665466},"size":18.446340560913087,"orthographic":false}