{"cameraMode":{"drawMode":0,"name":"Shaded","section":"Shading Mode"},"sceneLighting":false,"audioPlay":false,"sceneViewState":{"m_AlwaysRefresh":false,"showFog":true,"showSkybox":false,"showFlares":true,"showImageEffects":true,"showParticleSystems":true,"showVisualEffectGraphs":true,"m_FxEnabled":true},"in2DMode":false,"pivot":{"x":-0.626416027545929,"y":0.22911591827869416,"z":-0.9950300455093384},"rotation":{"x":0.12902916967868806,"y":0.6902782917022705,"z":-0.13007383048534394,"w":0.7018231153488159},"size":0.8660253882408142,"orthographic":false}