{"cameraMode":{"drawMode":0,"name":"Shaded","section":"Shading Mode"},"sceneLighting":false,"audioPlay":false,"sceneViewState":{"m_AlwaysRefresh":false,"showFog":true,"showSkybox":false,"showFlares":true,"showImageEffects":true,"showParticleSystems":true,"showVisualEffectGraphs":true,"m_FxEnabled":true},"in2DMode":false,"pivot":{"x":0.006126112770289183,"y":0.11969122290611267,"z":-1.8412516117095948},"rotation":{"x":0.10863673686981201,"y":-0.09011964499950409,"z":0.008138669654726982,"w":0.9912774562835693},"size":0.8660253882408142,"orthographic":false}