{"cameraMode":{"drawMode":0,"name":"Shaded","section":"Shading Mode"},"sceneLighting":false,"audioPlay":false,"sceneViewState":{"m_AlwaysRefresh":false,"showFog":true,"showSkybox":false,"showFlares":true,"showImageEffects":true,"showParticleSystems":true,"showVisualEffectGraphs":true,"m_FxEnabled":true},"in2DMode":false,"pivot":{"x":0.5204668641090393,"y":0.3339078426361084,"z":-0.8268653750419617},"rotation":{"x":-0.034238554537296298,"y":-0.9539360404014587,"z":0.28300726413726809,"w":-0.1012570783495903},"size":1.7193931341171265,"orthographic":false}