{"cameraMode":{"drawMode":0,"name":"Shaded","section":"Shading Mode"},"sceneLighting":false,"audioPlay":false,"sceneViewState":{"m_AlwaysRefresh":false,"showFog":true,"showSkybox":false,"showFlares":true,"showImageEffects":true,"showParticleSystems":true,"showVisualEffectGraphs":true,"m_FxEnabled":true},"in2DMode":false,"pivot":{"x":0.006159782409667969,"y":0.7004053592681885,"z":0.19221889972686768},"rotation":{"x":-0.22245295345783235,"y":-0.38618794083595278,"z":0.0918336808681488,"w":-0.8913191556930542},"size":1.702295184135437,"orthographic":false}