{"cameraMode":{"drawMode":0,"name":"Shaded","section":"Shading Mode"},"sceneLighting":false,"audioPlay":false,"sceneViewState":{"m_AlwaysRefresh":false,"showFog":true,"showSkybox":false,"showFlares":true,"showImageEffects":true,"showParticleSystems":true,"showVisualEffectGraphs":true,"m_FxEnabled":true},"in2DMode":false,"pivot":{"x":9.235983848571778,"y":15.858835220336914,"z":97.51380157470703},"rotation":{"x":-0.009784133173525334,"y":0.9837871193885803,"z":-0.04909130930900574,"w":-0.17976674437522889},"size":2.8233659267425539,"orthographic":false}