{"cameraMode":{"drawMode":0,"name":"Shaded","section":"Shading Mode"},"sceneLighting":false,"audioPlay":false,"sceneViewState":{"m_AlwaysRefresh":false,"showFog":true,"showSkybox":false,"showFlares":true,"showImageEffects":true,"showParticleSystems":true,"showVisualEffectGraphs":true,"m_FxEnabled":true},"in2DMode":false,"pivot":{"x":0.007014751434326172,"y":-0.19999980926513673,"z":-0.003806591033935547},"rotation":{"x":-0.11407309770584107,"y":0.2578352987766266,"z":0.03810017555952072,"w":0.9602773189544678},"size":6.809751987457275,"orthographic":false}