{"cameraMode":{"drawMode":0,"name":"Shaded","section":"Shading Mode"},"sceneLighting":false,"audioPlay":false,"sceneViewState":{"m_AlwaysRefresh":false,"showFog":true,"showSkybox":false,"showFlares":true,"showImageEffects":true,"showParticleSystems":true,"showVisualEffectGraphs":true,"m_FxEnabled":true},"in2DMode":false,"pivot":{"x":-0.03350916504859924,"y":0.14925262331962586,"z":0.036153972148895267},"rotation":{"x":-0.0006604270893149078,"y":1.001541256904602,"z":-0.008028058335185051,"w":0.02962367981672287},"size":0.3371793031692505,"orthographic":false}