{"cameraMode":{"drawMode":0,"name":"Shaded","section":"Shading Mode"},"sceneLighting":false,"audioPlay":false,"sceneViewState":{"m_AlwaysRefresh":false,"showFog":true,"showSkybox":false,"showFlares":true,"showImageEffects":true,"showParticleSystems":true,"showVisualEffectGraphs":true,"m_FxEnabled":true},"in2DMode":false,"pivot":{"x":0.006094098091125488,"y":0.06205638498067856,"z":0.004834771156311035},"rotation":{"x":-0.4889998733997345,"y":0.02382619120180607,"z":-0.01474378164857626,"w":-0.8730566501617432},"size":0.9004524350166321,"orthographic":false}