{"cameraMode":{"drawMode":0,"name":"Shaded","section":"Shading Mode"},"sceneLighting":false,"audioPlay":false,"sceneViewState":{"m_AlwaysRefresh":false,"showFog":true,"showSkybox":false,"showFlares":true,"showImageEffects":true,"showParticleSystems":true,"showVisualEffectGraphs":true,"m_FxEnabled":true},"in2DMode":false,"pivot":{"x":-0.007074832916259766,"y":3.5284571647644045,"z":0.06672859191894531},"rotation":{"x":-0.2818528413772583,"y":-0.3667666018009186,"z":0.11685953289270401,"w":-0.879677414894104},"size":5.477195739746094,"orthographic":false}