{"cameraMode":{"drawMode":0,"name":"Shaded","section":"Shading Mode"},"sceneLighting":false,"audioPlay":false,"sceneViewState":{"m_AlwaysRefresh":false,"showFog":true,"showSkybox":false,"showFlares":true,"showImageEffects":true,"showParticleSystems":true,"showVisualEffectGraphs":true,"m_FxEnabled":true},"in2DMode":false,"pivot":{"x":1.1335102319717408,"y":-0.35048720240592959,"z":-1.6040226221084595},"rotation":{"x":-0.2018408328294754,"y":-0.005417808424681425,"z":0.003548894077539444,"w":-0.9806755781173706},"size":0.8660253882408142,"orthographic":false}