{"cameraMode":{"drawMode":0,"name":"Shaded","section":"Shading Mode"},"sceneLighting":false,"audioPlay":false,"sceneViewState":{"m_AlwaysRefresh":false,"showFog":true,"showSkybox":false,"showFlares":true,"showImageEffects":true,"showParticleSystems":true,"showVisualEffectGraphs":true,"m_FxEnabled":true},"in2DMode":false,"pivot":{"x":-46.679039001464847,"y":15.04595947265625,"z":22.348033905029298},"rotation":{"x":0.21404865384101869,"y":0.6441725492477417,"z":-0.18676279485225678,"w":0.7120442390441895},"size":0.39108386635780337,"orthographic":false}