{"cameraMode":{"drawMode":0,"name":"Shaded","section":"Shading Mode"},"sceneLighting":false,"audioPlay":false,"sceneViewState":{"m_AlwaysRefresh":false,"showFog":true,"showSkybox":false,"showFlares":true,"showImageEffects":true,"showParticleSystems":true,"showVisualEffectGraphs":true,"m_FxEnabled":true},"in2DMode":false,"pivot":{"x":-1.5891767740249634,"y":16.520278930664064,"z":74.88265228271485},"rotation":{"x":-0.19363006949424745,"y":0.25094062089920046,"z":-0.049844369292259219,"w":-0.9486854076385498},"size":0.7958330512046814,"orthographic":false}