{"cameraMode":{"drawMode":0,"name":"Shaded","section":"Shading Mode"},"sceneLighting":false,"audioPlay":false,"sceneViewState":{"m_AlwaysRefresh":false,"showFog":true,"showSkybox":false,"showFlares":true,"showImageEffects":true,"showParticleSystems":true,"showVisualEffectGraphs":true,"m_FxEnabled":true},"in2DMode":false,"pivot":{"x":-1.930774450302124,"y":15.842103004455567,"z":76.67109680175781},"rotation":{"x":0.011320644058287144,"y":0.9314849972724915,"z":0.033209629356861117,"w":-0.3661441206932068},"size":0.7958330512046814,"orthographic":false}