{"cameraMode":{"drawMode":0,"name":"Shaded","section":"Shading Mode"},"sceneLighting":false,"audioPlay":false,"sceneViewState":{"m_AlwaysRefresh":false,"showFog":true,"showSkybox":false,"showFlares":true,"showImageEffects":true,"showParticleSystems":true,"showVisualEffectGraphs":true,"m_FxEnabled":true},"in2DMode":false,"pivot":{"x":7.629801273345947,"y":15.870009422302246,"z":72.17244720458985},"rotation":{"x":0.008003484457731247,"y":0.9906934499740601,"z":-0.1255597323179245,"w":0.07083415240049362},"size":0.9289578795433044,"orthographic":false}