{"cameraMode":{"drawMode":0,"name":"Shaded","section":"Shading Mode"},"sceneLighting":false,"audioPlay":false,"sceneViewState":{"m_AlwaysRefresh":false,"showFog":true,"showSkybox":false,"showFlares":true,"showImageEffects":true,"showParticleSystems":true,"showVisualEffectGraphs":true,"m_FxEnabled":true},"in2DMode":false,"pivot":{"x":-0.5718434453010559,"y":1.3321961164474488,"z":0.6868382096290588},"rotation":{"x":0.4620465040206909,"y":0.19292563199996949,"z":-0.10334960371255875,"w":0.8602675199508667},"size":4.785841464996338,"orthographic":false}