{"cameraMode":{"drawMode":0,"name":"Shaded","section":"Shading Mode"},"sceneLighting":false,"audioPlay":false,"sceneViewState":{"m_AlwaysRefresh":false,"showFog":true,"showSkybox":false,"showFlares":true,"showImageEffects":true,"showParticleSystems":true,"showVisualEffectGraphs":true,"m_FxEnabled":true},"in2DMode":false,"pivot":{"x":0.11529254913330078,"y":0.12636709213256837,"z":-0.17985916137695313},"rotation":{"x":0.09603317081928253,"y":0.3296782076358795,"z":-0.03443138301372528,"w":0.9407241344451904},"size":4.00105094909668,"orthographic":false}