{"cameraMode":{"drawMode":0,"name":"Shaded","section":"Shading Mode"},"sceneLighting":false,"audioPlay":false,"sceneViewState":{"m_AlwaysRefresh":false,"showFog":true,"showSkybox":false,"showFlares":true,"showImageEffects":true,"showParticleSystems":true,"showVisualEffectGraphs":true,"m_FxEnabled":true},"in2DMode":false,"pivot":{"x":426.99395751953127,"y":305.4738464355469,"z":334.14190673828127},"rotation":{"x":0.04676220566034317,"y":-0.03427601978182793,"z":0.0017254437552765012,"w":0.9983481168746948},"size":630.4867553710938,"orthographic":false}