{"cameraMode":{"drawMode":0,"name":"Shaded","section":"Shading Mode"},"sceneLighting":false,"audioPlay":false,"sceneViewState":{"m_AlwaysRefresh":false,"showFog":true,"showSkybox":false,"showFlares":true,"showImageEffects":true,"showParticleSystems":true,"showVisualEffectGraphs":true,"m_FxEnabled":true},"in2DMode":false,"pivot":{"x":4.843400955200195,"y":2.1037633419036867,"z":0.5749427676200867},"rotation":{"x":0.07689137011766434,"y":-0.6413212418556213,"z":-0.06088192015886307,"w":-0.7633213996887207},"size":6.5286664962768559,"orthographic":false}