{"cameraMode":{"drawMode":0,"name":"Shaded","section":"Shading Mode"},"sceneLighting":false,"audioPlay":false,"sceneViewState":{"m_AlwaysRefresh":false,"showFog":true,"showSkybox":false,"showFlares":true,"showImageEffects":true,"showParticleSystems":true,"showVisualEffectGraphs":true,"m_FxEnabled":true},"in2DMode":false,"pivot":{"x":9.906373977661133,"y":15.24650764465332,"z":85.8839340209961},"rotation":{"x":-0.15955263376235963,"y":-0.0007694527157582343,"z":-0.00039794185431674123,"w":-0.9887104630470276},"size":1.5906425714492798,"orthographic":false}