{"cameraMode":{"drawMode":0,"name":"Shaded","section":"Shading Mode"},"sceneLighting":false,"audioPlay":false,"sceneViewState":{"m_AlwaysRefresh":false,"showFog":true,"showSkybox":false,"showFlares":true,"showImageEffects":true,"showParticleSystems":true,"showVisualEffectGraphs":true,"m_FxEnabled":true},"in2DMode":false,"pivot":{"x":50.008209228515628,"y":0.041044801473617557,"z":-1.6422593593597413},"rotation":{"x":0.19674190878868104,"y":0.6919708847999573,"z":-0.20338799059391023,"w":0.6656531095504761},"size":1.7449560165405274,"orthographic":false}