{"cameraMode":{"drawMode":0,"name":"Shaded","section":"Shading Mode"},"sceneLighting":false,"audioPlay":false,"sceneViewState":{"m_AlwaysRefresh":false,"showFog":true,"showSkybox":false,"showFlares":true,"showImageEffects":true,"showParticleSystems":true,"showVisualEffectGraphs":true,"m_FxEnabled":true},"in2DMode":false,"pivot":{"x":2.7345547676086427,"y":15.727188110351563,"z":139.03504943847657},"rotation":{"x":-0.037992507219314578,"y":-0.027057798579335214,"z":0.002405548468232155,"w":-1.0002483129501343},"size":6.062177658081055,"orthographic":false}