{"cameraMode":{"drawMode":0,"name":"Shaded","section":"Shading Mode"},"sceneLighting":false,"audioPlay":false,"sceneViewState":{"m_AlwaysRefresh":false,"showFog":true,"showSkybox":false,"showFlares":true,"showImageEffects":true,"showParticleSystems":true,"showVisualEffectGraphs":true,"m_FxEnabled":true},"in2DMode":false,"pivot":{"x":-0.0000024437904357910158,"y":0.17241209745407105,"z":-0.011414170265197754},"rotation":{"x":-0.037255868315696719,"y":-0.9512386322021484,"z":0.11451317369937897,"w":-0.2864430248737335},"size":0.6444377899169922,"orthographic":false}