{"cameraMode":{"drawMode":0,"name":"Shaded","section":"Shading Mode"},"sceneLighting":false,"audioPlay":false,"sceneViewState":{"m_AlwaysRefresh":false,"showFog":true,"showSkybox":false,"showFlares":true,"showImageEffects":true,"showParticleSystems":true,"showVisualEffectGraphs":true,"m_FxEnabled":true},"in2DMode":false,"pivot":{"x":-0.208561971783638,"y":1.3333110809326172,"z":0.2729214131832123},"rotation":{"x":0.11649947613477707,"y":0.08460093289613724,"z":-0.010350719094276429,"w":0.9915800094604492},"size":1.7921597957611085,"orthographic":false}