{"cameraMode":{"drawMode":0,"name":"Shaded","section":"Shading Mode"},"sceneLighting":false,"audioPlay":false,"sceneViewState":{"m_AlwaysRefresh":false,"showFog":true,"showSkybox":false,"showFlares":true,"showImageEffects":true,"showParticleSystems":true,"showVisualEffectGraphs":true,"m_FxEnabled":true},"in2DMode":false,"pivot":{"x":8.826390266418457,"y":15.210511207580567,"z":71.97665405273438},"rotation":{"x":0.035340286791324618,"y":0.711902916431427,"z":-0.038256093859672549,"w":0.7025862336158752},"size":1.0586689710617066,"orthographic":false}