{"cameraMode":{"drawMode":0,"name":"Shaded","section":"Shading Mode"},"sceneLighting":false,"audioPlay":false,"sceneViewState":{"m_AlwaysRefresh":false,"showFog":true,"showSkybox":false,"showFlares":true,"showImageEffects":true,"showParticleSystems":true,"showVisualEffectGraphs":true,"m_FxEnabled":true},"in2DMode":false,"pivot":{"x":0.0038896948099136354,"y":0.3315582871437073,"z":0.0007755160331726074},"rotation":{"x":0.02283811755478382,"y":-0.9549649357795715,"z":0.07046863436698914,"w":0.29427361488342287},"size":0.6166933178901672,"orthographic":false}