{"cameraMode":{"drawMode":0,"name":"Shaded","section":"Shading Mode"},"sceneLighting":false,"audioPlay":false,"sceneViewState":{"m_AlwaysRefresh":false,"showFog":true,"showSkybox":false,"showFlares":true,"showImageEffects":true,"showParticleSystems":true,"showVisualEffectGraphs":true,"m_FxEnabled":true},"in2DMode":false,"pivot":{"x":3.5038113594055177,"y":1.5152647495269776,"z":7.61549186706543},"rotation":{"x":-0.005322212353348732,"y":-0.2056000530719757,"z":0.003832780057564378,"w":-0.9802912473678589},"size":5.651045322418213,"orthographic":false}