{"cameraMode":{"drawMode":0,"name":"Shaded","section":"Shading Mode"},"sceneLighting":false,"audioPlay":false,"sceneViewState":{"m_AlwaysRefresh":false,"showFog":true,"showSkybox":false,"showFlares":true,"showImageEffects":true,"showParticleSystems":true,"showVisualEffectGraphs":true,"m_FxEnabled":true},"in2DMode":false,"pivot":{"x":-0.0004444122314453125,"y":0.8926844596862793,"z":-0.019759632647037507},"rotation":{"x":0.025458214804530145,"y":0.9677480459213257,"z":-0.10905147343873978,"w":0.23442645370960236},"size":1.5036852359771729,"orthographic":false}