{"cameraMode":{"drawMode":0,"name":"Shaded","section":"Shading Mode"},"sceneLighting":false,"audioPlay":false,"sceneViewState":{"m_AlwaysRefresh":false,"showFog":true,"showSkybox":false,"showFlares":true,"showImageEffects":true,"showParticleSystems":true,"showVisualEffectGraphs":true,"m_FxEnabled":true},"in2DMode":false,"pivot":{"x":-0.03216125816106796,"y":0.2009042352437973,"z":-0.04076719284057617},"rotation":{"x":-0.2341928333044052,"y":-0.7142454385757446,"z":0.2813606858253479,"w":-0.5999239087104797},"size":0.38540560007095339,"orthographic":false}