{"cameraMode":{"drawMode":0,"name":"Shaded","section":"Shading Mode"},"sceneLighting":false,"audioPlay":false,"sceneViewState":{"m_AlwaysRefresh":false,"showFog":true,"showSkybox":false,"showFlares":true,"showImageEffects":true,"showParticleSystems":true,"showVisualEffectGraphs":true,"m_FxEnabled":true},"in2DMode":false,"pivot":{"x":-0.011931896209716797,"y":-0.13051122426986695,"z":0.01028209924697876},"rotation":{"x":0.10862170159816742,"y":-0.0019445387879386545,"z":-0.0005124793970026076,"w":0.9942945241928101},"size":1.6938023567199708,"orthographic":false}