{"cameraMode":{"drawMode":0,"name":"Shaded","section":"Shading Mode"},"sceneLighting":false,"audioPlay":false,"sceneViewState":{"m_AlwaysRefresh":false,"showFog":true,"showSkybox":false,"showFlares":true,"showImageEffects":true,"showParticleSystems":true,"showVisualEffectGraphs":true,"m_FxEnabled":true},"in2DMode":false,"pivot":{"x":0.015345335006713868,"y":1.076688528060913,"z":0.2987750768661499},"rotation":{"x":0.001120552304200828,"y":0.9938977360725403,"z":-0.11664684861898422,"w":0.00226309010758996},"size":1.3011091947555543,"orthographic":false}