{"cameraMode":{"drawMode":0,"name":"Shaded","section":"Shading Mode"},"sceneLighting":false,"audioPlay":false,"sceneViewState":{"m_AlwaysRefresh":false,"showFog":true,"showSkybox":false,"showFlares":true,"showImageEffects":true,"showParticleSystems":true,"showVisualEffectGraphs":true,"m_FxEnabled":true},"in2DMode":false,"pivot":{"x":0.00026552751660346985,"y":0.4875810742378235,"z":0.0020476654171943666},"rotation":{"x":-0.10108288377523422,"y":-0.6751196980476379,"z":0.09141064435243607,"w":-0.7259929180145264},"size":0.7274588346481323,"orthographic":false}