{"cameraMode":{"drawMode":0,"name":"Shaded","section":"Shading Mode"},"sceneLighting":false,"audioPlay":false,"sceneViewState":{"m_AlwaysRefresh":false,"showFog":true,"showSkybox":false,"showFlares":true,"showImageEffects":true,"showParticleSystems":true,"showVisualEffectGraphs":true,"m_FxEnabled":true},"in2DMode":false,"pivot":{"x":0.6699583530426025,"y":-0.513653576374054,"z":-1.4913785457611085},"rotation":{"x":0.036082614213228229,"y":-0.01947426237165928,"z":-0.0020135436207056047,"w":1.0004335641860963},"size":0.8660253882408142,"orthographic":false}