{"cameraMode":{"drawMode":0,"name":"Shaded","section":"Shading Mode"},"sceneLighting":false,"audioPlay":false,"sceneViewState":{"m_AlwaysRefresh":false,"showFog":true,"showSkybox":false,"showFlares":true,"showImageEffects":true,"showParticleSystems":true,"showVisualEffectGraphs":true,"m_FxEnabled":true},"in2DMode":false,"pivot":{"x":-3.1865429878234865,"y":16.198585510253908,"z":56.850372314453128},"rotation":{"x":-0.01705588586628437,"y":-0.7686702013015747,"z":0.027487879619002343,"w":-0.6414287090301514},"size":6.451691150665283,"orthographic":false}