{"cameraMode":{"drawMode":0,"name":"Shaded","section":"Shading Mode"},"sceneLighting":false,"audioPlay":false,"sceneViewState":{"m_AlwaysRefresh":false,"showFog":true,"showSkybox":false,"showFlares":true,"showImageEffects":true,"showParticleSystems":true,"showVisualEffectGraphs":true,"m_FxEnabled":true},"in2DMode":false,"pivot":{"x":-46.364234924316409,"y":16.886381149291993,"z":24.115156173706056},"rotation":{"x":-0.7701259851455689,"y":-0.01617368310689926,"z":0.01558182667940855,"w":-0.6396735906600952},"size":0.9998751282691956,"orthographic":false}