{"cameraMode":{"drawMode":0,"name":"Shaded","section":"Shading Mode"},"sceneLighting":false,"audioPlay":false,"sceneViewState":{"m_AlwaysRefresh":false,"showFog":true,"showSkybox":false,"showFlares":true,"showImageEffects":true,"showParticleSystems":true,"showVisualEffectGraphs":true,"m_FxEnabled":true},"in2DMode":false,"pivot":{"x":0.034397244453430179,"y":-5.251722812652588,"z":-5.848684310913086},"rotation":{"x":0.004022649489343166,"y":0.9595211744308472,"z":-0.2906847298145294,"w":0.030990246683359147},"size":9.70334529876709,"orthographic":false}