{"cameraMode":{"drawMode":0,"name":"Shaded","section":"Shading Mode"},"sceneLighting":false,"audioPlay":false,"sceneViewState":{"m_AlwaysRefresh":false,"showFog":true,"showSkybox":false,"showFlares":true,"showImageEffects":true,"showParticleSystems":true,"showVisualEffectGraphs":true,"m_FxEnabled":true},"in2DMode":false,"pivot":{"x":0.12826256453990937,"y":0.023931682109832765,"z":0.15993016958236695},"rotation":{"x":0.0010785445338115097,"y":-1.0002760887145997,"z":0.059072431176900867,"w":-0.0000666935375193134},"size":0.41468313336372378,"orthographic":false}