{"cameraMode":{"drawMode":0,"name":"Shaded","section":"Shading Mode"},"sceneLighting":false,"audioPlay":false,"sceneViewState":{"m_AlwaysRefresh":false,"showFog":true,"showSkybox":false,"showFlares":true,"showImageEffects":true,"showParticleSystems":true,"showVisualEffectGraphs":true,"m_FxEnabled":true},"in2DMode":false,"pivot":{"x":0.5941543579101563,"y":1.4499709606170655,"z":-1.1208117008209229},"rotation":{"x":-0.012293480336666108,"y":0.9872493743896484,"z":0.11834442615509033,"w":0.11255426704883576},"size":1.4409888982772828,"orthographic":false}