{"cameraMode":{"drawMode":0,"name":"Shaded","section":"Shading Mode"},"sceneLighting":false,"audioPlay":false,"sceneViewState":{"m_AlwaysRefresh":false,"showFog":true,"showSkybox":false,"showFlares":true,"showImageEffects":true,"showParticleSystems":true,"showVisualEffectGraphs":true,"m_FxEnabled":true},"in2DMode":false,"pivot":{"x":0.0009393692016601563,"y":0.0005807876586914063,"z":-0.002055644989013672},"rotation":{"x":-0.2818528413772583,"y":-0.3667666018009186,"z":0.11685953289270401,"w":-0.879677414894104},"size":13.470932006835938,"orthographic":false}