{"cameraMode":{"drawMode":0,"name":"Shaded","section":"Shading Mode"},"sceneLighting":false,"audioPlay":false,"sceneViewState":{"m_AlwaysRefresh":false,"showFog":true,"showSkybox":false,"showFlares":true,"showImageEffects":true,"showParticleSystems":true,"showVisualEffectGraphs":true,"m_FxEnabled":true},"in2DMode":false,"pivot":{"x":-0.18136939406394959,"y":0.6036285161972046,"z":0.13393133878707887},"rotation":{"x":0.03016398288309574,"y":0.9509277939796448,"z":-0.09745723754167557,"w":0.29896554350852969},"size":0.13539457321166993,"orthographic":false}