{"cameraMode":{"drawMode":0,"name":"Shaded","section":"Shading Mode"},"sceneLighting":false,"audioPlay":false,"sceneViewState":{"m_AlwaysRefresh":false,"showFog":true,"showSkybox":false,"showFlares":true,"showImageEffects":true,"showParticleSystems":true,"showVisualEffectGraphs":true,"m_FxEnabled":true},"in2DMode":false,"pivot":{"x":-0.005983114242553711,"y":-0.00643785297870636,"z":0.0030175447463989259},"rotation":{"x":-0.2089557647705078,"y":-0.7587212920188904,"z":0.29258090257644656,"w":-0.5469393730163574},"size":1.3073617219924927,"orthographic":false}