{"cameraMode":{"drawMode":0,"name":"Shaded","section":"Shading Mode"},"sceneLighting":false,"audioPlay":false,"sceneViewState":{"m_AlwaysRefresh":false,"showFog":true,"showSkybox":false,"showFlares":true,"showImageEffects":true,"showParticleSystems":true,"showVisualEffectGraphs":true,"m_FxEnabled":true},"in2DMode":false,"pivot":{"x":-0.01857435703277588,"y":2.1541805267333986,"z":0.0062105655670166019},"rotation":{"x":0.03520628437399864,"y":0.852982223033905,"z":-0.05096735805273056,"w":0.519949197769165},"size":4.00180721282959,"orthographic":false}