{"cameraMode":{"drawMode":0,"name":"Shaded","section":"Shading Mode"},"sceneLighting":false,"audioPlay":false,"sceneViewState":{"m_AlwaysRefresh":false,"showFog":true,"showSkybox":false,"showFlares":true,"showImageEffects":true,"showParticleSystems":true,"showVisualEffectGraphs":true,"m_FxEnabled":true},"in2DMode":false,"pivot":{"x":0.0000011920928955078126,"y":0.4390597343444824,"z":-0.00000476837158203125},"rotation":{"x":-0.4889998733997345,"y":0.02382619120180607,"z":-0.01474378164857626,"w":-0.8730566501617432},"size":5.188335418701172,"orthographic":false}