{"cameraMode":{"drawMode":0,"name":"Shaded","section":"Shading Mode"},"sceneLighting":false,"audioPlay":false,"sceneViewState":{"m_AlwaysRefresh":false,"showFog":true,"showSkybox":false,"showFlares":true,"showImageEffects":true,"showParticleSystems":true,"showVisualEffectGraphs":true,"m_FxEnabled":true},"in2DMode":false,"pivot":{"x":-0.20422375202178956,"y":0.3995206356048584,"z":0.08456435799598694},"rotation":{"x":0.1432849019765854,"y":0.3622851073741913,"z":-0.06147876754403114,"w":0.9222748279571533},"size":0.7306987643241882,"orthographic":false}