{"cameraMode":{"drawMode":0,"name":"Shaded","section":"Shading Mode"},"sceneLighting":false,"audioPlay":false,"sceneViewState":{"m_AlwaysRefresh":false,"showFog":true,"showSkybox":false,"showFlares":true,"showImageEffects":true,"showParticleSystems":true,"showVisualEffectGraphs":true,"m_FxEnabled":true},"in2DMode":false,"pivot":{"x":-61.61440658569336,"y":16.472951889038087,"z":37.77420425415039},"rotation":{"x":-0.0039802249521017078,"y":1.0015348196029664,"z":-0.01193984318524599,"w":-0.016144955530762674},"size":8.825418472290039,"orthographic":false}