{"cameraMode":{"drawMode":0,"name":"Shaded","section":"Shading Mode"},"sceneLighting":false,"audioPlay":false,"sceneViewState":{"m_AlwaysRefresh":false,"showFog":true,"showSkybox":false,"showFlares":true,"showImageEffects":true,"showParticleSystems":true,"showVisualEffectGraphs":true,"m_FxEnabled":true},"in2DMode":false,"pivot":{"x":-9.5367431640625e-7,"y":0.9159035682678223,"z":-0.037569254636764529},"rotation":{"x":0.025458214804530145,"y":0.9677480459213257,"z":-0.10905147343873978,"w":0.23442645370960236},"size":1.47903311252594,"orthographic":false}