{"cameraMode":{"drawMode":0,"name":"Shaded","section":"Shading Mode"},"sceneLighting":false,"audioPlay":false,"sceneViewState":{"m_AlwaysRefresh":false,"showFog":true,"showSkybox":false,"showFlares":true,"showImageEffects":true,"showParticleSystems":true,"showVisualEffectGraphs":true,"m_FxEnabled":true},"in2DMode":false,"pivot":{"x":-7.332180976867676,"y":-0.17637981474399568,"z":-24.15241813659668},"rotation":{"x":-0.001973997335880995,"y":0.9908194541931152,"z":-0.007812269032001495,"w":-0.14447596669197083},"size":14.382951736450196,"orthographic":false}