{"cameraMode":{"drawMode":0,"name":"Shaded","section":"Shading Mode"},"sceneLighting":false,"audioPlay":false,"sceneViewState":{"m_AlwaysRefresh":false,"showFog":true,"showSkybox":false,"showFlares":true,"showImageEffects":true,"showParticleSystems":true,"showVisualEffectGraphs":true,"m_FxEnabled":true},"in2DMode":false,"pivot":{"x":0.01440572738647461,"y":0.07138776779174805,"z":-0.012768745422363282},"rotation":{"x":0.08034640550613404,"y":0.6131263971328735,"z":-0.06039828434586525,"w":0.7844215631484985},"size":9.960479736328125,"orthographic":false}