{"cameraMode":{"drawMode":0,"name":"Shaded","section":"Shading Mode"},"sceneLighting":false,"audioPlay":false,"sceneViewState":{"m_AlwaysRefresh":false,"showFog":true,"showSkybox":false,"showFlares":true,"showImageEffects":true,"showParticleSystems":true,"showVisualEffectGraphs":true,"m_FxEnabled":true},"in2DMode":false,"pivot":{"x":0.000014960765838623047,"y":-0.02977636456489563,"z":-0.0007264614105224609},"rotation":{"x":-0.2089557647705078,"y":-0.7587212920188904,"z":0.29258090257644656,"w":-0.5469393730163574},"size":1.1462836265563965,"orthographic":false}