{"cameraMode":{"drawMode":0,"name":"Shaded","section":"Shading Mode"},"sceneLighting":false,"audioPlay":false,"sceneViewState":{"m_AlwaysRefresh":false,"showFog":true,"showSkybox":false,"showFlares":true,"showImageEffects":true,"showParticleSystems":true,"showVisualEffectGraphs":true,"m_FxEnabled":true},"in2DMode":false,"pivot":{"x":0.13342462480068208,"y":0.38063737750053408,"z":0.22705282270908357},"rotation":{"x":-0.09665429592132569,"y":0.6899000406265259,"z":-0.08964207023382187,"w":-0.7137113213539124},"size":1.4126842021942139,"orthographic":false}