{"cameraMode":{"drawMode":0,"name":"Shaded","section":"Shading Mode"},"sceneLighting":false,"audioPlay":false,"sceneViewState":{"m_AlwaysRefresh":false,"showFog":true,"showSkybox":false,"showFlares":true,"showImageEffects":true,"showParticleSystems":true,"showVisualEffectGraphs":true,"m_FxEnabled":true},"in2DMode":false,"pivot":{"x":0.8084564208984375,"y":1.8586513996124268,"z":-0.44374126195907595},"rotation":{"x":0.0021840999834239485,"y":0.7033684849739075,"z":-0.7127262353897095,"w":0.003992597572505474},"size":1.4126842021942139,"orthographic":false}