{"cameraMode":{"drawMode":0,"name":"Shaded","section":"Shading Mode"},"sceneLighting":false,"audioPlay":false,"sceneViewState":{"m_AlwaysRefresh":false,"showFog":true,"showSkybox":false,"showFlares":true,"showImageEffects":true,"showParticleSystems":true,"showVisualEffectGraphs":true,"m_FxEnabled":true},"in2DMode":false,"pivot":{"x":0.007292270660400391,"y":0.26136696338653567,"z":0.03431510925292969},"rotation":{"x":-0.2818528413772583,"y":-0.3667666018009186,"z":0.11685953289270401,"w":-0.879677414894104},"size":1.2740459442138672,"orthographic":false}