{"cameraMode":{"drawMode":0,"name":"Shaded","section":"Shading Mode"},"sceneLighting":false,"audioPlay":false,"sceneViewState":{"m_AlwaysRefresh":false,"showFog":true,"showSkybox":false,"showFlares":true,"showImageEffects":true,"showParticleSystems":true,"showVisualEffectGraphs":true,"m_FxEnabled":true},"in2DMode":false,"pivot":{"x":-0.04188108444213867,"y":0.09254312515258789,"z":0.037636756896972659},"rotation":{"x":-0.5869868397712708,"y":0.0011252101976424456,"z":-0.002380718244239688,"w":-0.811914324760437},"size":0.25613096356391909,"orthographic":false}