{"cameraMode":{"drawMode":0,"name":"Shaded","section":"Shading Mode"},"sceneLighting":false,"audioPlay":false,"sceneViewState":{"m_AlwaysRefresh":false,"showFog":true,"showSkybox":false,"showFlares":true,"showImageEffects":true,"showParticleSystems":true,"showVisualEffectGraphs":true,"m_FxEnabled":true},"in2DMode":false,"pivot":{"x":14.454233169555664,"y":15.588891983032227,"z":78.61922454833985},"rotation":{"x":-0.01211443543434143,"y":0.9387863874435425,"z":-0.34793317317962649,"w":-0.0257332194596529},"size":1.4411839246749879,"orthographic":false}