{"cameraMode":{"drawMode":0,"name":"Shaded","section":"Shading Mode"},"sceneLighting":false,"audioPlay":false,"sceneViewState":{"m_AlwaysRefresh":false,"showFog":true,"showSkybox":false,"showFlares":true,"showImageEffects":true,"showParticleSystems":true,"showVisualEffectGraphs":true,"m_FxEnabled":true},"in2DMode":false,"pivot":{"x":14.159255981445313,"y":15.090083122253418,"z":78.25031280517578},"rotation":{"x":-0.0026797812897711994,"y":0.9981651306152344,"z":-0.08200805634260178,"w":-0.01114547997713089},"size":1.4411839246749879,"orthographic":false}