{"cameraMode":{"drawMode":0,"name":"Shaded","section":"Shading Mode"},"sceneLighting":false,"audioPlay":false,"sceneViewState":{"m_AlwaysRefresh":false,"showFog":true,"showSkybox":false,"showFlares":true,"showImageEffects":true,"showParticleSystems":true,"showVisualEffectGraphs":true,"m_FxEnabled":true},"in2DMode":false,"pivot":{"x":588.4696044921875,"y":362.4820251464844,"z":-15.33453369140625},"rotation":{"x":-0.014180434867739678,"y":0.033665578812360767,"z":0.0005638921284116805,"w":0.999363899230957},"size":91.92388153076172,"orthographic":false}