{"cameraMode":{"drawMode":0,"name":"Shaded","section":"Shading Mode"},"sceneLighting":false,"audioPlay":false,"sceneViewState":{"m_AlwaysRefresh":false,"showFog":true,"showSkybox":false,"showFlares":true,"showImageEffects":true,"showParticleSystems":true,"showVisualEffectGraphs":true,"m_FxEnabled":true},"in2DMode":false,"pivot":{"x":0.011334598064422608,"y":1.6420605182647706,"z":0.0113297700881958},"rotation":{"x":0.16291993856430055,"y":0.5694207549095154,"z":-0.11536472290754318,"w":0.798352062702179},"size":1.7819435596466065,"orthographic":false}