{"cameraMode":{"drawMode":0,"name":"Shaded","section":"Shading Mode"},"sceneLighting":false,"audioPlay":false,"sceneViewState":{"m_AlwaysRefresh":false,"showFog":true,"showSkybox":false,"showFlares":true,"showImageEffects":true,"showParticleSystems":true,"showVisualEffectGraphs":true,"m_FxEnabled":true},"in2DMode":false,"pivot":{"x":0.762079119682312,"y":2.482485771179199,"z":1.5898475646972657},"rotation":{"x":0.0032878341153264047,"y":-0.1986534297466278,"z":-0.004783660173416138,"w":-0.9808242321014404},"size":4.788688659667969,"orthographic":false}