{"cameraMode":{"drawMode":0,"name":"Shaded","section":"Shading Mode"},"sceneLighting":false,"audioPlay":false,"sceneViewState":{"m_AlwaysRefresh":false,"showFog":true,"showSkybox":false,"showFlares":true,"showImageEffects":true,"showParticleSystems":true,"showVisualEffectGraphs":true,"m_FxEnabled":true},"in2DMode":false,"pivot":{"x":-48.79466247558594,"y":15.995128631591797,"z":22.92608070373535},"rotation":{"x":0.6277480721473694,"y":-0.0002593200479168445,"z":0.006108356174081564,"w":0.7801210284233093},"size":0.29837366938591006,"orthographic":false}