{"cameraMode":{"drawMode":0,"name":"Shaded","section":"Shading Mode"},"sceneLighting":false,"audioPlay":false,"sceneViewState":{"m_AlwaysRefresh":false,"showFog":true,"showSkybox":false,"showFlares":true,"showImageEffects":true,"showParticleSystems":true,"showVisualEffectGraphs":true,"m_FxEnabled":true},"in2DMode":false,"pivot":{"x":-0.24636900424957276,"y":0.13998638093471528,"z":-5.960464477539063e-7},"rotation":{"x":-0.29759013652801516,"y":0.053087834268808368,"z":-0.015998227521777154,"w":-0.9551994204521179},"size":1.6493325233459473,"orthographic":false}