{"cameraMode":{"drawMode":0,"name":"Shaded","section":"Shading Mode"},"sceneLighting":false,"audioPlay":false,"sceneViewState":{"m_AlwaysRefresh":false,"showFog":true,"showSkybox":false,"showFlares":true,"showImageEffects":true,"showParticleSystems":true,"showVisualEffectGraphs":true,"m_FxEnabled":true},"in2DMode":false,"pivot":{"x":-51.03754806518555,"y":15.704550743103028,"z":22.168140411376954},"rotation":{"x":0.5205000638961792,"y":0.010107668116688729,"z":-0.001049137907102704,"w":0.8553840517997742},"size":0.43631425499916079,"orthographic":false}