{"cameraMode":{"drawMode":0,"name":"Shaded","section":"Shading Mode"},"sceneLighting":false,"audioPlay":false,"sceneViewState":{"m_AlwaysRefresh":false,"showFog":true,"showSkybox":false,"showFlares":true,"showImageEffects":true,"showParticleSystems":true,"showVisualEffectGraphs":true,"m_FxEnabled":true},"in2DMode":false,"pivot":{"x":0.760993480682373,"y":0.09841415286064148,"z":-0.00021386146545410156},"rotation":{"x":0.39675045013427737,"y":0.1414031982421875,"z":-0.06178712099790573,"w":0.9079231023788452},"size":1.090686559677124,"orthographic":false}