{"cameraMode":{"drawMode":0,"name":"Shaded","section":"Shading Mode"},"sceneLighting":false,"audioPlay":false,"sceneViewState":{"m_AlwaysRefresh":false,"showFog":true,"showSkybox":false,"showFlares":true,"showImageEffects":true,"showParticleSystems":true,"showVisualEffectGraphs":true,"m_FxEnabled":true},"in2DMode":false,"pivot":{"x":-15.229573249816895,"y":4.5770955085754398,"z":-26.25261688232422},"rotation":{"x":-0.5254542827606201,"y":-0.03287172317504883,"z":0.012527570128440857,"w":-0.8516193628311157},"size":0.5426679253578186,"orthographic":false}