{"cameraMode":{"drawMode":0,"name":"Shaded","section":"Shading Mode"},"sceneLighting":false,"audioPlay":false,"sceneViewState":{"m_AlwaysRefresh":false,"showFog":true,"showSkybox":false,"showFlares":true,"showImageEffects":true,"showParticleSystems":true,"showVisualEffectGraphs":true,"m_FxEnabled":true},"in2DMode":false,"pivot":{"x":-45.37211227416992,"y":14.841805458068848,"z":20.420000076293947},"rotation":{"x":0.5408421754837036,"y":0.0015840142732486129,"z":0.004436383489519358,"w":0.8426749110221863},"size":1.0628972053527833,"orthographic":false}