{"cameraMode":{"drawMode":0,"name":"Shaded","section":"Shading Mode"},"sceneLighting":false,"audioPlay":false,"sceneViewState":{"m_AlwaysRefresh":false,"showFog":true,"showSkybox":false,"showFlares":true,"showImageEffects":true,"showParticleSystems":true,"showVisualEffectGraphs":true,"m_FxEnabled":true},"in2DMode":false,"pivot":{"x":971.6098022460938,"y":545.0838623046875,"z":-1.39996337890625},"rotation":{"x":-0.03212442621588707,"y":0.059608399868011478,"z":0.0020056781359016897,"w":0.9977350234985352},"size":127.27922058105469,"orthographic":false}