{"cameraMode":{"drawMode":0,"name":"Shaded","section":"Shading Mode"},"sceneLighting":false,"audioPlay":false,"sceneViewState":{"m_AlwaysRefresh":false,"showFog":true,"showSkybox":false,"showFlares":true,"showImageEffects":true,"showParticleSystems":true,"showVisualEffectGraphs":true,"m_FxEnabled":true},"in2DMode":false,"pivot":{"x":9.072721481323243,"y":15.585589408874512,"z":80.25587463378906},"rotation":{"x":0.0060219368897378449,"y":-0.9961379170417786,"z":0.08281667530536652,"w":0.06261064112186432},"size":1.3572582006454468,"orthographic":false}