{"cameraMode":{"drawMode":0,"name":"Shaded","section":"Shading Mode"},"sceneLighting":false,"audioPlay":false,"sceneViewState":{"m_AlwaysRefresh":false,"showFog":true,"showSkybox":false,"showFlares":true,"showImageEffects":true,"showParticleSystems":true,"showVisualEffectGraphs":true,"m_FxEnabled":true},"in2DMode":false,"pivot":{"x":-0.0007634200155735016,"y":0.3956732153892517,"z":-0.0012042820453643799},"rotation":{"x":-0.10108288377523422,"y":-0.6751196980476379,"z":0.09141064435243607,"w":-0.7259929180145264},"size":0.6081652641296387,"orthographic":false}