{"cameraMode":{"drawMode":0,"name":"Shaded","section":"Shading Mode"},"sceneLighting":false,"audioPlay":false,"sceneViewState":{"m_AlwaysRefresh":false,"showFog":true,"showSkybox":false,"showFlares":true,"showImageEffects":true,"showParticleSystems":true,"showVisualEffectGraphs":true,"m_FxEnabled":true},"in2DMode":false,"pivot":{"x":1.7197232246398926,"y":7.721174716949463,"z":2.9507601261138918},"rotation":{"x":0.28588417172431948,"y":0.13465812802314759,"z":-0.039846718311309817,"w":0.9508417844772339},"size":8.006302833557129,"orthographic":false}