{"cameraMode":{"drawMode":0,"name":"Shaded","section":"Shading Mode"},"sceneLighting":false,"audioPlay":false,"sceneViewState":{"m_AlwaysRefresh":false,"showFog":true,"showSkybox":false,"showFlares":true,"showImageEffects":true,"showParticleSystems":true,"showVisualEffectGraphs":true,"m_FxEnabled":true},"in2DMode":false,"pivot":{"x":0.000004295060080039548,"y":0.000011228603398194537,"z":0.000006594518708880059},"rotation":{"x":-0.18047720193862916,"y":-0.06810737401247025,"z":0.000999371986836195,"w":-0.982900857925415},"size":0.000017320508050033823,"orthographic":false}