{"cameraMode":{"drawMode":0,"name":"Shaded","section":"Shading Mode"},"sceneLighting":false,"audioPlay":false,"sceneViewState":{"m_AlwaysRefresh":false,"showFog":true,"showSkybox":false,"showFlares":true,"showImageEffects":true,"showParticleSystems":true,"showVisualEffectGraphs":true,"m_FxEnabled":true},"in2DMode":false,"pivot":{"x":629.9202880859375,"y":383.37725830078127,"z":-95.23932647705078},"rotation":{"x":0.03380315750837326,"y":-0.002320435829460621,"z":0.00016139184299390763,"w":0.9994569420814514},"size":127.27922058105469,"orthographic":false}