{"cameraMode":{"drawMode":0,"name":"Shaded","section":"Shading Mode"},"sceneLighting":false,"audioPlay":false,"sceneViewState":{"m_AlwaysRefresh":false,"showFog":true,"showSkybox":false,"showFlares":true,"showImageEffects":true,"showParticleSystems":true,"showVisualEffectGraphs":true,"m_FxEnabled":true},"in2DMode":false,"pivot":{"x":-0.0344720184803009,"y":0.06271401047706604,"z":-0.006115466356277466},"rotation":{"x":-0.0006604270893149078,"y":1.001541256904602,"z":-0.008028058335185051,"w":0.02962367981672287},"size":0.2040756791830063,"orthographic":false}