{"cameraMode":{"drawMode":0,"name":"Shaded","section":"Shading Mode"},"sceneLighting":false,"audioPlay":false,"sceneViewState":{"m_AlwaysRefresh":false,"showFog":true,"showSkybox":false,"showFlares":true,"showImageEffects":true,"showParticleSystems":true,"showVisualEffectGraphs":true,"m_FxEnabled":true},"in2DMode":false,"pivot":{"x":0.48732084035873415,"y":-0.3693794906139374,"z":0.1218380331993103},"rotation":{"x":-0.12383284419775009,"y":-0.6004934906959534,"z":0.09740681201219559,"w":-0.7855460047721863},"size":0.8660253882408142,"orthographic":false}