{"cameraMode":{"drawMode":0,"name":"Shaded","section":"Shading Mode"},"sceneLighting":false,"audioPlay":false,"sceneViewState":{"m_AlwaysRefresh":false,"showFog":true,"showSkybox":false,"showFlares":true,"showImageEffects":true,"showParticleSystems":true,"showVisualEffectGraphs":true,"m_FxEnabled":true},"in2DMode":false,"pivot":{"x":8.542072296142579,"y":14.558141708374024,"z":93.48017120361328},"rotation":{"x":0.028660301119089128,"y":-0.9631335735321045,"z":0.25291159749031069,"w":0.10131823271512985},"size":2.8078880310058595,"orthographic":false}