{"cameraMode":{"drawMode":0,"name":"Shaded","section":"Shading Mode"},"sceneLighting":false,"audioPlay":false,"sceneViewState":{"m_AlwaysRefresh":false,"showFog":true,"showSkybox":false,"showFlares":true,"showImageEffects":true,"showParticleSystems":true,"showVisualEffectGraphs":true,"m_FxEnabled":true},"in2DMode":false,"pivot":{"x":12.225945472717286,"y":15.011702537536621,"z":94.877685546875},"rotation":{"x":-0.042670611292123798,"y":-0.7480242848396301,"z":0.050430797040462497,"w":-0.6624021530151367},"size":2.8078880310058595,"orthographic":false}