{"cameraMode":{"drawMode":0,"name":"Shaded","section":"Shading Mode"},"sceneLighting":false,"audioPlay":false,"sceneViewState":{"m_AlwaysRefresh":false,"showFog":true,"showSkybox":false,"showFlares":true,"showImageEffects":true,"showParticleSystems":true,"showVisualEffectGraphs":true,"m_FxEnabled":true},"in2DMode":false,"pivot":{"x":568.6921997070313,"y":343.3493347167969,"z":-18.973968505859376},"rotation":{"x":-0.00219128280878067,"y":0.0016752886585891247,"z":0.00008966943278210238,"w":1.0000275373458863},"size":134.68296813964845,"orthographic":false}