{"cameraMode":{"drawMode":0,"name":"Shaded","section":"Shading Mode"},"sceneLighting":false,"audioPlay":false,"sceneViewState":{"m_AlwaysRefresh":false,"showFog":true,"showSkybox":false,"showFlares":true,"showImageEffects":true,"showParticleSystems":true,"showVisualEffectGraphs":true,"m_FxEnabled":true},"in2DMode":false,"pivot":{"x":-2.307342052459717,"y":15.947912216186524,"z":68.57725524902344},"rotation":{"x":-0.025029093027114869,"y":0.0003416539402678609,"z":0.0008575521060265601,"w":-1.0011826753616334},"size":0.6638424396514893,"orthographic":false}