{"cameraMode":{"drawMode":0,"name":"Shaded","section":"Shading Mode"},"sceneLighting":false,"audioPlay":false,"sceneViewState":{"m_AlwaysRefresh":false,"showFog":true,"showSkybox":false,"showFlares":true,"showImageEffects":true,"showParticleSystems":true,"showVisualEffectGraphs":true,"m_FxEnabled":true},"in2DMode":false,"pivot":{"x":-0.32431483268737795,"y":0.1272268295288086,"z":0.31871700286865237},"rotation":{"x":-0.036912206560373309,"y":0.9441629648208618,"z":0.11100444942712784,"w":0.3145238757133484},"size":5.418134689331055,"orthographic":false}