{"cameraMode":{"drawMode":0,"name":"Shaded","section":"Shading Mode"},"sceneLighting":false,"audioPlay":false,"sceneViewState":{"m_AlwaysRefresh":false,"showFog":true,"showSkybox":false,"showFlares":true,"showImageEffects":true,"showParticleSystems":true,"showVisualEffectGraphs":true,"m_FxEnabled":true},"in2DMode":false,"pivot":{"x":0.16110198199748994,"y":1.5197333097457886,"z":0.6526084542274475},"rotation":{"x":-0.06278226524591446,"y":0.6818256378173828,"z":-0.05992140993475914,"w":-0.7273530960083008},"size":4.068010330200195,"orthographic":false}