{"cameraMode":{"drawMode":0,"name":"Shaded","section":"Shading Mode"},"sceneLighting":false,"audioPlay":false,"sceneViewState":{"m_AlwaysRefresh":false,"showFog":true,"showSkybox":false,"showFlares":true,"showImageEffects":true,"showParticleSystems":true,"showVisualEffectGraphs":true,"m_FxEnabled":true},"in2DMode":false,"pivot":{"x":0.7027149200439453,"y":0.1873307228088379,"z":-0.43784767389297488},"rotation":{"x":-0.10920948535203934,"y":0.7363529801368713,"z":-0.12248489260673523,"w":-0.6565892100334168},"size":0.8660253882408142,"orthographic":false}