{"cameraMode":{"drawMode":0,"name":"Shaded","section":"Shading Mode"},"sceneLighting":false,"audioPlay":false,"sceneViewState":{"m_AlwaysRefresh":false,"showFog":true,"showSkybox":false,"showFlares":true,"showImageEffects":true,"showParticleSystems":true,"showVisualEffectGraphs":true,"m_FxEnabled":true},"in2DMode":false,"pivot":{"x":2.305027484893799,"y":-1.2349154949188233,"z":-0.4282013177871704},"rotation":{"x":-0.020955795422196389,"y":0.722174882888794,"z":-0.018740514293313028,"w":-0.6929792165756226},"size":0.8660253882408142,"orthographic":false}