{"cameraMode":{"drawMode":0,"name":"Shaded","section":"Shading Mode"},"sceneLighting":false,"audioPlay":false,"sceneViewState":{"m_AlwaysRefresh":false,"showFog":true,"showSkybox":false,"showFlares":true,"showImageEffects":true,"showParticleSystems":true,"showVisualEffectGraphs":true,"m_FxEnabled":true},"in2DMode":false,"pivot":{"x":1.2630741596221924,"y":-1.408282995223999,"z":-0.11692329496145249},"rotation":{"x":-0.07215260714292526,"y":0.8113949298858643,"z":-0.09821557253599167,"w":-0.5738629102706909},"size":0.8660253882408142,"orthographic":false}