{"cameraMode":{"drawMode":0,"name":"Shaded","section":"Shading Mode"},"sceneLighting":false,"audioPlay":false,"sceneViewState":{"m_AlwaysRefresh":false,"showFog":true,"showSkybox":false,"showFlares":true,"showImageEffects":true,"showParticleSystems":true,"showVisualEffectGraphs":true,"m_FxEnabled":true},"in2DMode":false,"pivot":{"x":-0.002161093056201935,"y":-0.000009894371032714844,"z":6.109476089477539e-7},"rotation":{"x":-0.037255868315696719,"y":-0.9512386322021484,"z":0.11451317369937897,"w":-0.2864430248737335},"size":0.3223012387752533,"orthographic":false}