{"cameraMode":{"drawMode":0,"name":"Shaded","section":"Shading Mode"},"sceneLighting":false,"audioPlay":false,"sceneViewState":{"m_AlwaysRefresh":false,"showFog":true,"showSkybox":false,"showFlares":true,"showImageEffects":true,"showParticleSystems":true,"showVisualEffectGraphs":true,"m_FxEnabled":true},"in2DMode":false,"pivot":{"x":3.8408172130584719,"y":15.893269538879395,"z":129.93313598632813},"rotation":{"x":-0.112862229347229,"y":-0.035782553255558017,"z":0.0035210996866226198,"w":-0.994347870349884},"size":0.6748297810554504,"orthographic":false}