{"cameraMode":{"drawMode":0,"name":"Shaded","section":"Shading Mode"},"sceneLighting":false,"audioPlay":false,"sceneViewState":{"m_AlwaysRefresh":false,"showFog":true,"showSkybox":false,"showFlares":true,"showImageEffects":true,"showParticleSystems":true,"showVisualEffectGraphs":true,"m_FxEnabled":true},"in2DMode":false,"pivot":{"x":-47.27812194824219,"y":15.557697296142579,"z":22.106176376342775},"rotation":{"x":-0.30946624279022219,"y":-0.05291517451405525,"z":0.01594366692006588,"w":-0.9507603049278259},"size":0.6444395184516907,"orthographic":false}