{"cameraMode":{"drawMode":0,"name":"Shaded","section":"Shading Mode"},"sceneLighting":false,"audioPlay":false,"sceneViewState":{"m_AlwaysRefresh":false,"showFog":true,"showSkybox":false,"showFlares":true,"showImageEffects":true,"showParticleSystems":true,"showVisualEffectGraphs":true,"m_FxEnabled":true},"in2DMode":false,"pivot":{"x":3.717531204223633,"y":15.385279655456543,"z":73.1507797241211},"rotation":{"x":0.00017864171240944415,"y":0.998518705368042,"z":-0.07404685020446778,"w":0.019791925325989724},"size":2.035775661468506,"orthographic":false}