{"cameraMode":{"drawMode":0,"name":"Shaded","section":"Shading Mode"},"sceneLighting":false,"audioPlay":false,"sceneViewState":{"m_AlwaysRefresh":false,"showFog":true,"showSkybox":false,"showFlares":true,"showImageEffects":true,"showParticleSystems":true,"showVisualEffectGraphs":true,"m_FxEnabled":true},"in2DMode":false,"pivot":{"x":-48.151546478271487,"y":17.248247146606447,"z":21.782554626464845},"rotation":{"x":0.5683906674385071,"y":0.012519721873104573,"z":-0.0064647444523870949,"w":0.8243669867515564},"size":0.31601300835609438,"orthographic":false}