{"cameraMode":{"drawMode":0,"name":"Shaded","section":"Shading Mode"},"sceneLighting":false,"audioPlay":false,"sceneViewState":{"m_AlwaysRefresh":false,"showFog":true,"showSkybox":false,"showFlares":true,"showImageEffects":true,"showParticleSystems":true,"showVisualEffectGraphs":true,"m_FxEnabled":true},"in2DMode":false,"pivot":{"x":0.8896117806434631,"y":-0.008735965937376023,"z":-1.8740273714065552},"rotation":{"x":0.08903580158948899,"y":-0.020658254623413087,"z":-0.0009210858843289316,"w":0.9971230626106262},"size":0.8660253882408142,"orthographic":false}