{"cameraMode":{"drawMode":0,"name":"Shaded","section":"Shading Mode"},"sceneLighting":false,"audioPlay":false,"sceneViewState":{"m_AlwaysRefresh":false,"showFog":true,"showSkybox":false,"showFlares":true,"showImageEffects":true,"showParticleSystems":true,"showVisualEffectGraphs":true,"m_FxEnabled":true},"in2DMode":false,"pivot":{"x":0.13633853197097779,"y":0.8474249839782715,"z":-0.03699129819869995},"rotation":{"x":-0.006051444448530674,"y":-0.9683734774589539,"z":0.24891895055770875,"w":-0.023447562009096147},"size":1.989607334136963,"orthographic":false}