{"cameraMode":{"drawMode":0,"name":"Shaded","section":"Shading Mode"},"sceneLighting":false,"audioPlay":false,"sceneViewState":{"m_AlwaysRefresh":false,"showFog":true,"showSkybox":false,"showFlares":true,"showImageEffects":true,"showParticleSystems":true,"showVisualEffectGraphs":true,"m_FxEnabled":true},"in2DMode":false,"pivot":{"x":0.05428314208984375,"y":1.7515307664871216,"z":-0.09862470626831055},"rotation":{"x":0.293629914522171,"y":0.08552183210849762,"z":-0.025713885203003885,"w":0.9524210691452026},"size":1.9905859231948853,"orthographic":false}