{"cameraMode":{"drawMode":0,"name":"Shaded","section":"Shading Mode"},"sceneLighting":false,"audioPlay":false,"sceneViewState":{"m_AlwaysRefresh":false,"showFog":true,"showSkybox":false,"showFlares":true,"showImageEffects":true,"showParticleSystems":true,"showVisualEffectGraphs":true,"m_FxEnabled":true},"in2DMode":false,"pivot":{"x":562.985107421875,"y":365.3103942871094,"z":-76.74703216552735},"rotation":{"x":0.012808885425329209,"y":0.0036763986572623255,"z":0.00003896066846209578,"w":0.9999430179595947},"size":91.92388153076172,"orthographic":false}