{"cameraMode":{"drawMode":0,"name":"Shaded","section":"Shading Mode"},"sceneLighting":false,"audioPlay":false,"sceneViewState":{"m_AlwaysRefresh":false,"showFog":true,"showSkybox":false,"showFlares":true,"showImageEffects":true,"showParticleSystems":true,"showVisualEffectGraphs":true,"m_FxEnabled":true},"in2DMode":false,"pivot":{"x":915.2098999023438,"y":509.6837158203125,"z":-30.111005783081056},"rotation":{"x":-0.05216722562909126,"y":0.007660543546080589,"z":0.0004863420326728374,"w":0.9986412525177002},"size":91.92388153076172,"orthographic":false}