{"cameraMode":{"drawMode":0,"name":"Shaded","section":"Shading Mode"},"sceneLighting":false,"audioPlay":false,"sceneViewState":{"m_AlwaysRefresh":false,"showFog":true,"showSkybox":false,"showFlares":true,"showImageEffects":true,"showParticleSystems":true,"showVisualEffectGraphs":true,"m_FxEnabled":true},"in2DMode":false,"pivot":{"x":1.3991693258285523,"y":15.564733505249024,"z":77.43074798583985},"rotation":{"x":0.003574707545340061,"y":0.9362382292747498,"z":-0.008283022791147232,"w":0.3553076684474945},"size":1.2319855690002442,"orthographic":false}