{"cameraMode":{"drawMode":0,"name":"Shaded","section":"Shading Mode"},"sceneLighting":false,"audioPlay":false,"sceneViewState":{"m_AlwaysRefresh":false,"showFog":true,"showSkybox":false,"showFlares":true,"showImageEffects":true,"showParticleSystems":true,"showVisualEffectGraphs":true,"m_FxEnabled":true},"in2DMode":false,"pivot":{"x":-3.843604564666748,"y":-0.7675061225891113,"z":-1.5632717609405518},"rotation":{"x":-0.010502131655812264,"y":-0.581645667552948,"z":0.011135757900774479,"w":-0.8148377537727356},"size":1.0150415897369385,"orthographic":false}