{"cameraMode":{"drawMode":0,"name":"Shaded","section":"Shading Mode"},"sceneLighting":false,"audioPlay":false,"sceneViewState":{"m_AlwaysRefresh":false,"showFog":true,"showSkybox":false,"showFlares":true,"showImageEffects":true,"showParticleSystems":true,"showVisualEffectGraphs":true,"m_FxEnabled":true},"in2DMode":false,"pivot":{"x":-1.3535467386245728,"y":-0.684330403804779,"z":-0.7438518404960632},"rotation":{"x":0.19692149758338929,"y":0.007700776215642691,"z":-0.004356350749731064,"w":0.9816448092460632},"size":1.0150415897369385,"orthographic":false}