{"cameraMode":{"drawMode":0,"name":"Shaded","section":"Shading Mode"},"sceneLighting":false,"audioPlay":false,"sceneViewState":{"m_AlwaysRefresh":false,"showFog":true,"showSkybox":false,"showFlares":true,"showImageEffects":true,"showParticleSystems":true,"showVisualEffectGraphs":true,"m_FxEnabled":true},"in2DMode":false,"pivot":{"x":-0.5159258842468262,"y":0.004040868487209082,"z":-0.11764225363731384},"rotation":{"x":-0.10146894305944443,"y":-0.6427638530731201,"z":0.08869054168462753,"w":-0.7557527422904968},"size":0.8660253882408142,"orthographic":false}