{"cameraMode":{"drawMode":0,"name":"Shaded","section":"Shading Mode"},"sceneLighting":false,"audioPlay":false,"sceneViewState":{"m_AlwaysRefresh":false,"showFog":true,"showSkybox":false,"showFlares":true,"showImageEffects":true,"showParticleSystems":true,"showVisualEffectGraphs":true,"m_FxEnabled":true},"in2DMode":false,"pivot":{"x":-0.6574175357818604,"y":-0.007452419959008694,"z":0.18907742202281953},"rotation":{"x":0.0031480914913117887,"y":0.9587787389755249,"z":-0.029462475329637529,"w":0.2933456301689148},"size":0.1314113736152649,"orthographic":false}