{"cameraMode":{"drawMode":0,"name":"Shaded","section":"Shading Mode"},"sceneLighting":false,"audioPlay":false,"sceneViewState":{"m_AlwaysRefresh":false,"showFog":true,"showSkybox":false,"showFlares":true,"showImageEffects":true,"showParticleSystems":true,"showVisualEffectGraphs":true,"m_FxEnabled":true},"in2DMode":false,"pivot":{"x":-3.5762786865234377e-7,"y":0.878556489944458,"z":-0.06487268209457398},"rotation":{"x":0.0011503773275762797,"y":0.9941451549530029,"z":-0.11466231942176819,"w":0.00024439088883809745},"size":1.4498395919799805,"orthographic":false}