{"cameraMode":{"drawMode":0,"name":"Shaded","section":"Shading Mode"},"sceneLighting":false,"audioPlay":false,"sceneViewState":{"m_AlwaysRefresh":false,"showFog":true,"showSkybox":false,"showFlares":true,"showImageEffects":true,"showParticleSystems":true,"showVisualEffectGraphs":true,"m_FxEnabled":true},"in2DMode":false,"pivot":{"x":0.13124532997608186,"y":1.1466264724731446,"z":-0.6520013213157654},"rotation":{"x":-0.018372945487499238,"y":0.9815476536750794,"z":-0.09832536429166794,"w":-0.1749228537082672},"size":1.6855390071868897,"orthographic":false}