{"cameraMode":{"drawMode":0,"name":"Shaded","section":"Shading Mode"},"sceneLighting":false,"audioPlay":false,"sceneViewState":{"m_AlwaysRefresh":false,"showFog":true,"showSkybox":false,"showFlares":true,"showImageEffects":true,"showParticleSystems":true,"showVisualEffectGraphs":true,"m_FxEnabled":true},"in2DMode":false,"pivot":{"x":0.7310104370117188,"y":15.746253967285157,"z":137.6999969482422},"rotation":{"x":-0.5869868397712708,"y":0.0011252101976424456,"z":-0.002380718244239688,"w":-0.811914324760437},"size":0.57856684923172,"orthographic":false}