{"cameraMode":{"drawMode":0,"name":"Shaded","section":"Shading Mode"},"sceneLighting":false,"audioPlay":false,"sceneViewState":{"m_AlwaysRefresh":false,"showFog":true,"showSkybox":false,"showFlares":true,"showImageEffects":true,"showParticleSystems":true,"showVisualEffectGraphs":true,"m_FxEnabled":true},"in2DMode":false,"pivot":{"x":0.2079782485961914,"y":4.3642120361328129,"z":-0.21279335021972657},"rotation":{"x":-0.024770062416791917,"y":0.9703183174133301,"z":-0.014752411283552647,"w":0.251677542924881},"size":10.726908683776856,"orthographic":false}