{"cameraMode":{"drawMode":0,"name":"Shaded","section":"Shading Mode"},"sceneLighting":false,"audioPlay":false,"sceneViewState":{"m_AlwaysRefresh":false,"showFog":true,"showSkybox":false,"showFlares":true,"showImageEffects":true,"showParticleSystems":true,"showVisualEffectGraphs":true,"m_FxEnabled":true},"in2DMode":false,"pivot":{"x":-4.294987201690674,"y":1.2459301948547364,"z":-4.414865016937256},"rotation":{"x":-0.12888461351394654,"y":-0.30053097009658816,"z":0.042638905346393588,"w":-0.9453595280647278},"size":0.8660253882408142,"orthographic":false}