{"cameraMode":{"drawMode":0,"name":"Shaded","section":"Shading Mode"},"sceneLighting":false,"audioPlay":false,"sceneViewState":{"m_AlwaysRefresh":false,"showFog":true,"showSkybox":false,"showFlares":true,"showImageEffects":true,"showParticleSystems":true,"showVisualEffectGraphs":true,"m_FxEnabled":true},"in2DMode":false,"pivot":{"x":-0.5877394080162048,"y":1.1758842468261719,"z":1.33689284324646},"rotation":{"x":-0.29759013652801516,"y":0.053087834268808368,"z":-0.015998227521777154,"w":-0.9551994204521179},"size":3.3183600902557375,"orthographic":false}