{"cameraMode":{"drawMode":0,"name":"Shaded","section":"Shading Mode"},"sceneLighting":false,"audioPlay":false,"sceneViewState":{"m_AlwaysRefresh":false,"showFog":true,"showSkybox":false,"showFlares":true,"showImageEffects":true,"showParticleSystems":true,"showVisualEffectGraphs":true,"m_FxEnabled":true},"in2DMode":false,"pivot":{"x":2.9802322387695315e-8,"y":0.5408357381820679,"z":-2.682209014892578e-7},"rotation":{"x":0.09603317081928253,"y":0.3296782076358795,"z":-0.03443138301372528,"w":0.9407241344451904},"size":0.643884539604187,"orthographic":false}