{"cameraMode":{"drawMode":0,"name":"Shaded","section":"Shading Mode"},"sceneLighting":false,"audioPlay":false,"sceneViewState":{"m_AlwaysRefresh":false,"showFog":true,"showSkybox":false,"showFlares":true,"showImageEffects":true,"showParticleSystems":true,"showVisualEffectGraphs":true,"m_FxEnabled":true},"in2DMode":false,"pivot":{"x":-52.955406188964847,"y":14.932282447814942,"z":22.170698165893556},"rotation":{"x":0.4212261140346527,"y":-0.012932169251143933,"z":0.006230250932276249,"w":0.9069350957870483},"size":0.3522935211658478,"orthographic":false}