{"cameraMode":{"drawMode":0,"name":"Shaded","section":"Shading Mode"},"sceneLighting":false,"audioPlay":false,"sceneViewState":{"m_AlwaysRefresh":false,"showFog":true,"showSkybox":false,"showFlares":true,"showImageEffects":true,"showParticleSystems":true,"showVisualEffectGraphs":true,"m_FxEnabled":true},"in2DMode":false,"pivot":{"x":-0.0000019073486328125,"y":2.5851736068725588,"z":-0.016804218292236329},"rotation":{"x":0.032622888684272769,"y":0.9674400091171265,"z":-0.15184985101222993,"w":0.2034430056810379},"size":3.9934465885162355,"orthographic":false}