{"cameraMode":{"drawMode":0,"name":"Shaded","section":"Shading Mode"},"sceneLighting":false,"audioPlay":false,"sceneViewState":{"m_AlwaysRefresh":false,"showFog":true,"showSkybox":false,"showFlares":true,"showImageEffects":true,"showParticleSystems":true,"showVisualEffectGraphs":true,"m_FxEnabled":true},"in2DMode":false,"pivot":{"x":0.026148557662963868,"y":0.0014791637659072877,"z":-0.13847613334655763},"rotation":{"x":-0.2089557647705078,"y":-0.7587212920188904,"z":0.29258090257644656,"w":-0.5469393730163574},"size":1.3235548734664918,"orthographic":false}