{"cameraMode":{"drawMode":0,"name":"Shaded","section":"Shading Mode"},"sceneLighting":false,"audioPlay":false,"sceneViewState":{"m_AlwaysRefresh":false,"showFog":true,"showSkybox":false,"showFlares":true,"showImageEffects":true,"showParticleSystems":true,"showVisualEffectGraphs":true,"m_FxEnabled":true},"in2DMode":false,"pivot":{"x":-0.08041703701019287,"y":-0.033275723457336429,"z":-0.012974262237548828},"rotation":{"x":0.15072008967399598,"y":0.2357243448495865,"z":-0.03343339264392853,"w":0.9603955745697022},"size":3.295128583908081,"orthographic":false}