{"cameraMode":{"drawMode":0,"name":"Shaded","section":"Shading Mode"},"sceneLighting":false,"audioPlay":false,"sceneViewState":{"m_AlwaysRefresh":false,"showFog":true,"showSkybox":false,"showFlares":true,"showImageEffects":true,"showParticleSystems":true,"showVisualEffectGraphs":true,"m_FxEnabled":true},"in2DMode":false,"pivot":{"x":284.7496643066406,"y":1181.17822265625,"z":-989.0625610351563},"rotation":{"x":0.20533716678619386,"y":-0.008121858350932598,"z":0.0018305531702935696,"w":0.9786904454231262},"size":57.82993698120117,"orthographic":false}