{"cameraMode":{"drawMode":0,"name":"Shaded","section":"Shading Mode"},"sceneLighting":false,"audioPlay":false,"sceneViewState":{"m_AlwaysRefresh":false,"showFog":true,"showSkybox":false,"showFlares":true,"showImageEffects":true,"showParticleSystems":true,"showVisualEffectGraphs":true,"m_FxEnabled":true},"in2DMode":false,"pivot":{"x":0.2753320634365082,"y":-0.21561065316200257,"z":-0.31204238533973696},"rotation":{"x":-0.06299636512994766,"y":-0.7123417854309082,"z":0.06705335527658463,"w":-0.6975844502449036},"size":0.8660253882408142,"orthographic":false}