{"cameraMode":{"drawMode":0,"name":"Shaded","section":"Shading Mode"},"sceneLighting":false,"audioPlay":false,"sceneViewState":{"m_AlwaysRefresh":false,"showFog":true,"showSkybox":false,"showFlares":true,"showImageEffects":true,"showParticleSystems":true,"showVisualEffectGraphs":true,"m_FxEnabled":true},"in2DMode":false,"pivot":{"x":-6.394989013671875,"y":15.831134796142579,"z":66.98442840576172},"rotation":{"x":0.05084257945418358,"y":0.25257161259651186,"z":-0.011308064684271813,"w":0.9676225185394287},"size":1.644600749015808,"orthographic":false}