{"cameraMode":{"drawMode":0,"name":"Shaded","section":"Shading Mode"},"sceneLighting":false,"audioPlay":false,"sceneViewState":{"m_AlwaysRefresh":false,"showFog":true,"showSkybox":false,"showFlares":true,"showImageEffects":true,"showParticleSystems":true,"showVisualEffectGraphs":true,"m_FxEnabled":true},"in2DMode":false,"pivot":{"x":-1.030392050743103,"y":0.6484087705612183,"z":-0.6302183866500855},"rotation":{"x":0.22192822396755219,"y":-0.038551829755306247,"z":0.008708221837878228,"w":0.9748927354812622},"size":0.8660253882408142,"orthographic":false}