{"cameraMode":{"drawMode":0,"name":"Shaded","section":"Shading Mode"},"sceneLighting":false,"audioPlay":false,"sceneViewState":{"m_AlwaysRefresh":false,"showFog":true,"showSkybox":false,"showFlares":true,"showImageEffects":true,"showParticleSystems":true,"showVisualEffectGraphs":true,"m_FxEnabled":true},"in2DMode":false,"pivot":{"x":0.000022172927856445313,"y":1.4756007194519044,"z":0.006765127182006836},"rotation":{"x":0.15072008967399598,"y":0.2357243448495865,"z":-0.03343339264392853,"w":0.9603955745697022},"size":2.624579668045044,"orthographic":false}