{"cameraMode":{"drawMode":0,"name":"Shaded","section":"Shading Mode"},"sceneLighting":false,"audioPlay":false,"sceneViewState":{"m_AlwaysRefresh":false,"showFog":true,"showSkybox":false,"showFlares":true,"showImageEffects":true,"showParticleSystems":true,"showVisualEffectGraphs":true,"m_FxEnabled":true},"in2DMode":false,"pivot":{"x":-4.770999908447266,"y":1.4819999933242798,"z":-26.875999450683595},"rotation":{"x":-0.27043017745018008,"y":-0.022441329434514047,"z":0.0030844290740787985,"w":-0.9633773565292358},"size":0.10056281834840775,"orthographic":false}