{"cameraMode":{"drawMode":0,"name":"Shaded","section":"Shading Mode"},"sceneLighting":false,"audioPlay":false,"sceneViewState":{"m_AlwaysRefresh":false,"showFog":true,"showSkybox":false,"showFlares":true,"showImageEffects":true,"showParticleSystems":true,"showVisualEffectGraphs":true,"m_FxEnabled":true},"in2DMode":false,"pivot":{"x":-2.980232238769531e-7,"y":-0.11094807088375092,"z":0.49310797452926638},"rotation":{"x":0.07219468057155609,"y":0.690248966217041,"z":-0.06452196836471558,"w":0.718291163444519},"size":1.8699549436569214,"orthographic":false}