{"cameraMode":{"drawMode":0,"name":"Shaded","section":"Shading Mode"},"sceneLighting":false,"audioPlay":false,"sceneViewState":{"m_AlwaysRefresh":false,"showFog":true,"showSkybox":false,"showFlares":true,"showImageEffects":true,"showParticleSystems":true,"showVisualEffectGraphs":true,"m_FxEnabled":true},"in2DMode":false,"pivot":{"x":0.0011176764965057374,"y":0.13547086715698243,"z":0.2575717568397522},"rotation":{"x":0.007251463830471039,"y":0.9937100410461426,"z":-0.10276053845882416,"w":0.07738800346851349},"size":0.5089309215545654,"orthographic":false}