{"cameraMode":{"drawMode":0,"name":"Shaded","section":"Shading Mode"},"sceneLighting":false,"audioPlay":false,"sceneViewState":{"m_AlwaysRefresh":false,"showFog":true,"showSkybox":false,"showFlares":true,"showImageEffects":true,"showParticleSystems":true,"showVisualEffectGraphs":true,"m_FxEnabled":true},"in2DMode":false,"pivot":{"x":-1.9182929992675782,"y":0.8727190494537354,"z":-1.7387025356292725},"rotation":{"x":0.09603317081928253,"y":0.3296782076358795,"z":-0.03443138301372528,"w":0.9407241344451904},"size":0.4683627188205719,"orthographic":false}