{"cameraMode":{"drawMode":0,"name":"Shaded","section":"Shading Mode"},"sceneLighting":false,"audioPlay":false,"sceneViewState":{"m_AlwaysRefresh":false,"showFog":true,"showSkybox":false,"showFlares":true,"showImageEffects":true,"showParticleSystems":true,"showVisualEffectGraphs":true,"m_FxEnabled":true},"in2DMode":false,"pivot":{"x":-25.72848892211914,"y":14.58957576751709,"z":26.366344451904298},"rotation":{"x":0.050638992339372638,"y":-0.3046301305294037,"z":-0.012671351432800293,"w":-0.9529482126235962},"size":10.173523902893067,"orthographic":false}