{"cameraMode":{"drawMode":0,"name":"Shaded","section":"Shading Mode"},"sceneLighting":false,"audioPlay":false,"sceneViewState":{"m_AlwaysRefresh":false,"showFog":true,"showSkybox":false,"showFlares":true,"showImageEffects":true,"showParticleSystems":true,"showVisualEffectGraphs":true,"m_FxEnabled":true},"in2DMode":false,"pivot":{"x":-26.853227615356447,"y":16.336915969848634,"z":18.66584014892578},"rotation":{"x":0.009357483126223088,"y":-0.11720946431159973,"z":0.002177169779315591,"w":-0.9948903918266296},"size":4.5763373374938969,"orthographic":false}