{"cameraMode":{"drawMode":0,"name":"Shaded","section":"Shading Mode"},"sceneLighting":false,"audioPlay":false,"sceneViewState":{"m_AlwaysRefresh":false,"showFog":true,"showSkybox":false,"showFlares":true,"showImageEffects":true,"showParticleSystems":true,"showVisualEffectGraphs":true,"m_FxEnabled":true},"in2DMode":false,"pivot":{"x":0.037661194801330569,"y":-2.5256428718566896,"z":2.384185791015625e-7},"rotation":{"x":0.09603317081928253,"y":0.3296782076358795,"z":-0.03443138301372528,"w":0.9407241344451904},"size":3.0401601791381838,"orthographic":false}