{"cameraMode":{"drawMode":0,"name":"Shaded","section":"Shading Mode"},"sceneLighting":true,"audioPlay":false,"sceneViewState":{"m_AlwaysRefresh":false,"showFog":true,"showSkybox":true,"showFlares":true,"showImageEffects":true,"showParticleSystems":true,"showVisualEffectGraphs":true,"m_FxEnabled":true},"in2DMode":false,"pivot":{"x":8.845671653747559,"y":-7.458780765533447,"z":2.9730167388916017},"rotation":{"x":0.3498120605945587,"y":0.39298662543296816,"z":-0.16460099816322328,"w":0.8346685171127319},"size":13.064449310302735,"orthographic":false}