{"cameraMode":{"drawMode":0,"name":"Shaded","section":"Shading Mode"},"sceneLighting":true,"audioPlay":false,"sceneViewState":{"m_AlwaysRefresh":false,"showFog":true,"showSkybox":true,"showFlares":true,"showImageEffects":true,"showParticleSystems":true,"showVisualEffectGraphs":true,"m_FxEnabled":true},"in2DMode":false,"pivot":{"x":74.63099670410156,"y":11.730968475341797,"z":34.07280349731445},"rotation":{"x":0.2725125253200531,"y":0.044443052262067798,"z":-0.013964653015136719,"w":0.9623842835426331},"size":6.062177658081055,"orthographic":false}