{"cameraMode":{"drawMode":0,"name":"Shaded","section":"Shading Mode"},"sceneLighting":true,"audioPlay":false,"sceneViewState":{"m_AlwaysRefresh":false,"showFog":true,"showSkybox":true,"showFlares":true,"showImageEffects":true,"showParticleSystems":true,"showVisualEffectGraphs":true,"m_FxEnabled":true},"in2DMode":false,"pivot":{"x":-16.018430709838868,"y":36.09864807128906,"z":-26.667802810668947},"rotation":{"x":-0.29894983768463137,"y":-0.38334524631500246,"z":0.12955422699451447,"w":-0.8651248216629028},"size":1.4482240676879883,"orthographic":false}