{"cameraMode":{"drawMode":0,"name":"Shaded","section":"Shading Mode"},"sceneLighting":true,"audioPlay":false,"sceneViewState":{"m_AlwaysRefresh":false,"showFog":true,"showSkybox":true,"showFlares":true,"showImageEffects":true,"showParticleSystems":true,"showVisualEffectGraphs":true,"m_FxEnabled":true},"in2DMode":false,"pivot":{"x":-0.31860798597335818,"y":-2.834859609603882,"z":-0.8347759246826172},"rotation":{"x":0.17684586346149445,"y":-0.03150837495923042,"z":0.005640286020934582,"w":0.9839872717857361},"size":162.53712463378907,"orthographic":false}