{"cameraMode":{"drawMode":0,"name":"Shaded","section":"Shading Mode"},"sceneLighting":false,"audioPlay":false,"sceneViewState":{"m_AlwaysRefresh":false,"showFog":true,"showSkybox":false,"showFlares":true,"showImageEffects":true,"showParticleSystems":true,"showVisualEffectGraphs":true,"m_FxEnabled":true},"in2DMode":false,"pivot":{"x":0.2694418430328369,"y":2.1298325061798097,"z":0.37015193700790408},"rotation":{"x":0.016537418588995935,"y":-0.9765356779098511,"z":0.19958481192588807,"w":0.08103257417678833},"size":4.588901042938232,"orthographic":false}