{"cameraMode":{"drawMode":0,"name":"Shaded","section":"Shading Mode"},"sceneLighting":false,"audioPlay":false,"sceneViewState":{"m_AlwaysRefresh":false,"showFog":true,"showSkybox":false,"showFlares":true,"showImageEffects":true,"showParticleSystems":true,"showVisualEffectGraphs":true,"m_FxEnabled":true},"in2DMode":false,"pivot":{"x":3.1697025299072267,"y":0.15684093534946443,"z":0.9773162007331848},"rotation":{"x":0.12316589057445526,"y":0.7182712554931641,"z":-0.12988467514514924,"w":0.6734362244606018},"size":4.847836971282959,"orthographic":false}