{"cameraMode":{"drawMode":0,"name":"Shaded","section":"Shading Mode"},"sceneLighting":false,"audioPlay":false,"sceneViewState":{"m_AlwaysRefresh":false,"showFog":true,"showSkybox":false,"showFlares":true,"showImageEffects":true,"showParticleSystems":true,"showVisualEffectGraphs":true,"m_FxEnabled":true},"in2DMode":false,"pivot":{"x":-47.23874282836914,"y":16.491313934326173,"z":22.130577087402345},"rotation":{"x":0.44131892919540408,"y":0.029889056459069253,"z":-0.013616358861327172,"w":0.8983101844787598},"size":1.0608396530151368,"orthographic":false}