{"cameraMode":{"drawMode":0,"name":"Shaded","section":"Shading Mode"},"sceneLighting":false,"audioPlay":false,"sceneViewState":{"m_AlwaysRefresh":false,"showFog":true,"showSkybox":false,"showFlares":true,"showImageEffects":true,"showParticleSystems":true,"showVisualEffectGraphs":true,"m_FxEnabled":true},"in2DMode":false,"pivot":{"x":0.36221587657928469,"y":0.14752817153930665,"z":1.750004768371582},"rotation":{"x":0.19405514001846314,"y":0.07015722990036011,"z":-0.012605013325810433,"w":0.978944718837738},"size":3.689268112182617,"orthographic":false}