{"cameraMode":{"drawMode":0,"name":"Shaded","section":"Shading Mode"},"sceneLighting":false,"audioPlay":false,"sceneViewState":{"m_AlwaysRefresh":false,"showFog":true,"showSkybox":false,"showFlares":true,"showImageEffects":true,"showParticleSystems":true,"showVisualEffectGraphs":true,"m_FxEnabled":true},"in2DMode":false,"pivot":{"x":1.0749503374099732,"y":-0.1588452309370041,"z":1.759125828742981},"rotation":{"x":0.00620525935664773,"y":-0.9957149028778076,"z":0.09579174220561981,"w":0.04285453259944916},"size":0.8660253882408142,"orthographic":false}